0,1,2,3,4,5,6,7,8,9,10,11,12,13,14,15,16,17,18
LandJa00,MIA,25,WR,16,16,161,112,69.6%,987,8.8,9,62,49,6.1,7.0,61.7,4,2017
FitzLa00,ARI,34,WR,16,16,161,109,67.7%,1156,10.6,6,65,37,7.2,6.8,72.3,1,2017
ThomMi05,NOR,24,WR,16,14,149,104,69.8%,1245,12.0,5,71,43,8.4,6.5,77.8,0,2017
AlleKe00,LAC,25,WR,16,15,159,102,64.2%,1393,13.7,6,74,51,8.8,6.4,87.1,1,2017
BrowAn04,PIT,29,WR,14,14,163,101,62.0%,1533,15.2,9,69,57,9.4,7.2,109.5,4,2017
HopkDe00,HOU,25,WR,15,15,174,96,55.2%,1378,14.4,13,69,72,7.9,6.4,91.9,1,2017
TateGo00,DET,29,WR,16,12,120,92,76.7%,1003,10.9,5,44,71,8.4,5.8,62.7,1,2017
ThieAd00,MIN,27,WR,16,16,142,91,64.1%,1276,14.0,4,59,65,9.0,5.7,79.8,3,2017
JoneJu02,ATL,28,WR,16,16,148,88,59.5%,1444,16.4,3,67,53,9.8,5.5,90.3,0,2017
BellLe00,PIT,25,RB,15,15,106,85,80.2%,655,7.7,2,32,42,6.2,5.7,43.7,3,2017
KelcTr00,KAN,28,TE,15,15,122,83,68.0%,1038,12.5,8,53,44,8.5,5.5,69.2,0,2017
ThomDe03,DEN,30,WR,16,16,140,83,59.3%,949,11.4,5,53,40,6.8,5.2,59.3,1,2017
KamaAl00,NOR,22,RB,16,3,100,81,81.0%,826,10.2,5,38,40,8.3,5.1,51.6,1,2017
DoylJa00,IND,27,TE,15,15,108,80,74.1%,690,8.6,4,36,26,6.4,5.3,46.0,2,2017
McCaCh01,CAR,21,RB,16,10,113,80,70.8%,651,8.1,5,37,37,5.8,5.0,40.7,2,2017
BaldDo00,SEA,29,WR,16,16,116,75,64.7%,991,13.2,8,44,54,8.5,4.7,61.9,0,2017
GreeA.00,CIN,29,WR,16,16,143,75,52.4%,1078,14.4,8,55,77,7.5,4.7,67.4,2,2017
HillTy00,KAN,23,WR,15,13,105,75,71.4%,1183,15.8,7,40,79,11.3,5.0,78.9,2,2017
AdamDa01,GNB,25,WR,14,14,117,74,63.2%,885,12.0,10,46,55,7.6,5.3,63.2,0,2017
ErtzZa00,PHI,27,TE,14,13,110,74,67.3%,824,11.1,8,46,53,7.5,5.3,58.9,1,2017
JohnDu00,CLE,24,RB,16,0,93,74,79.6%,693,9.4,3,32,41,7.5,4.6,43.3,4,2017
WalkHu00,TEN,33,TE,16,11,111,74,66.7%,807,10.9,3,44,42,7.3,4.6,50.4,2,2017
EvanMi00,TAM,24,WR,15,15,136,71,52.2%,1001,14.1,5,55,42,7.4,4.7,66.7,1,2017
BryaDe01,DAL,29,WR,16,16,132,69,52.3%,838,12.1,6,44,50,6.3,4.3,52.4,1,2017
GronRo00,NWE,28,TE,14,14,105,69,65.7%,1084,15.7,8,57,53,10.3,4.9,77.4,1,2017
SanuMo00,ATL,28,WR,15,15,96,67,69.8%,703,10.5,5,41,25,7.3,4.5,46.9,0,2017
CobbRa00,GNB,27,WR,15,14,92,66,71.7%,653,9.9,4,30,46,7.1,4.4,43.5,1,2017
CrowJa00,WAS,24,WR,15,6,103,66,64.1%,789,12.0,3,38,41,7.7,4.4,52.6,6,2017
CookBr00,NWE,24,WR,16,15,114,65,57.0%,1082,16.6,7,42,64,9.5,4.1,67.6,0,2017
2017,,,,,,,,,,,,,,,,,,
KearJe01,NYJ,27,WR,16,14,102,65,63.7%,810,12.5,5,37,51,7.9,4.1,50.6,1,2017
DiggSt00,MIN,24,WR,14,14,95,64,67.4%,849,13.3,8,42,59,8.9,4.6,60.6,0,2017
EngrEv00,NYG,23,TE,15,11,115,64,55.7%,722,11.3,6,37,35,6.3,4.3,48.1,0,2017
GurlTo01,LAR,23,RB,15,15,87,64,73.6%,788,12.3,6,32,80,9.1,4.3,52.5,5,2017
AndeRo04,NYJ,24,WR,16,15,114,63,55.3%,941,14.9,7,38,69,8.3,3.9,58.8,0,2017
FuncDe00,CAR,23,WR,16,16,111,63,56.8%,840,13.3,8,40,44,7.6,3.9,52.5,0,2017
WittJa00,DAL,35,TE,16,16,87,63,72.4%,560,8.9,5,26,28,6.4,3.9,35.0,1,2017
AghoNe00,PHI,24,WR,16,10,95,62,65.3%,768,12.4,8,35,72,8.1,3.9,48.0,0,2017
KuppCo00,LAR,24,WR,15,6,94,62,66.0%,869,14.0,5,42,64,9.2,4.1,57.9,1,2017
AmenDa00,NWE,32,WR,15,8,86,61,70.9%,659,10.8,2,40,27,7.7,4.1,43.9,2,2017
HumpAd00,TAM,24,WR,16,3,83,61,73.5%,631,10.3,1,36,43,7.6,3.8,39.4,1,2017
JoneMa02,DET,27,WR,16,16,107,61,57.0%,1101,18.0,9,44,58,10.3,3.8,68.8,0,2017
WatsBe00,BAL,37,TE,16,12,79,61,77.2%,522,8.6,4,30,33,6.6,3.8,32.6,1,2017
HydeCa00,SFO,27,RB,16,16,88,59,67.0%,350,5.9,0,18,18,4.0,3.7,21.9,2,2017
McCoLe01,BUF,29,RB,16,16,77,59,76.6%,448,7.6,2,23,39,5.8,3.7,28.0,3,2017
ShepSt00,NYG,24,WR,11,10,84,59,70.2%,731,12.4,2,36,77,8.7,5.4,66.5,1,2017
WrigKe01,CHI,28,WR,16,4,91,59,64.8%,614,10.4,1,33,22,6.7,3.7,38.4,0,2017
CrabMi00,OAK,30,WR,14,14,101,58,57.4%,618,10.7,8,35,41,6.1,4.1,44.1,1,2017
GordMe00,LAC,24,RB,16,16,83,58,69.9%,476,8.2,4,22,49,5.7,3.6,29.8,1,2017
IngrMa01,NOR,28,RB,16,12,71,58,81.7%,416,7.2,0,19,54,5.9,3.6,26.0,3,2017
SmitJu00,PIT,21,WR,14,7,79,58,73.4%,917,15.8,7,37,97,11.6,4.1,65.5,0,2017
StilKe00,MIA,25,WR,16,16,105,58,55.2%,847,14.6,6,36,61,8.1,3.6,52.9,4,2017
GrahJi00,SEA,31,TE,16,13,96,57,59.4%,520,9.1,10,34,33,5.4,3.6,32.5,0,2017
HiltT.00,IND,28,WR,16,16,109,57,52.3%,966,16.9,4,38,80,8.9,3.6,60.4,2,2017
JeffAl00,PHI,27,WR,16,16,120,57,47.5%,789,13.8,9,44,53,6.6,3.6,49.3,0,2017
ParkDe01,MIA,24,WR,13,12,96,57,59.4%,670,11.8,1,34,36,7.0,4.4,51.5,1,2017
RudoKy00,MIN,28,TE,16,16,81,57,70.4%,532,9.3,8,32,34,6.6,3.6,33.3,0,2017
GoodMa00,SFO,27,WR,16,16,105,56,53.3%,962,17.2,2,46,83,9.2,3.5,60.1,0,2017
LeexMa00,JAX,26,WR,14,14,96,56,58.3%,702,12.5,3,40,45,7.3,4.0,50.1,1,2017
WhitJa02,NWE,25,RB,14,4,72,56,77.8%,429,7.7,3,25,27,6.0,4.0,30.6,0,2017
2017,,,,,,,,,,,,,,,,,,
WoodRo02,LAR,25,WR,12,11,85,56,65.9%,781,13.9,5,36,94,9.2,4.7,65.1,1,2017
CookJa02,OAK,30,TE,16,16,86,54,62.8%,688,12.7,2,35,35,8.0,3.4,43.0,1,2017
DeckEr00,TEN,30,WR,16,8,83,54,65.1%,563,10.4,1,31,29,6.8,3.4,35.2,0,2017
CoheTa00,CHI,22,RB,16,4,71,53,74.6%,353,6.7,1,9,70,5.0,3.3,22.1,3,2017
EbroEr00,DET,24,TE,16,9,86,53,61.6%,574,10.8,4,31,44,6.7,3.3,35.9,1,2017
GinnTe00,NOR,32,WR,15,10,70,53,75.7%,787,14.8,4,32,54,11.2,3.5,52.5,2,2017
HuntKa00,KAN,22,RB,16,16,63,53,84.1%,455,8.6,3,17,78,7.2,3.3,28.4,1,2017
MattRi00,TEN,28,WR,14,11,87,53,60.9%,795,15.0,4,36,75,9.1,3.8,56.8,0,2017
NelsJo00,GNB,32,WR,15,15,88,53,60.2%,482,9.1,6,38,58,5.5,3.5,32.1,0,2017
RiddTh00,DET,26,RB,16,5,71,53,74.6%,444,8.4,2,20,63,6.3,3.3,27.8,1,2017
WillTe01,DAL,28,WR,16,14,78,53,67.9%,568,10.7,0,31,56,7.3,3.3,35.5,0,2017
LaFeBr00,CIN,31,WR,16,15,89,52,58.4%,548,10.5,3,25,45,6.2,3.3,34.3,1,2017
WallMi00,BAL,31,WR,15,14,92,52,56.5%,748,14.4,4,33,66,8.1,3.5,49.9,0,2017
McKiJe00,MIN,25,RB,16,1,68,51,75.0%,421,8.3,2,20,41,6.2,3.2,26.3,3,2017
BryaMa00,PIT,26,WR,15,8,84,50,59.5%,603,12.1,3,29,51,7.2,3.3,40.2,0,2017
JackDe00,TAM,31,WR,14,13,90,50,55.6%,668,13.4,3,37,41,7.4,3.6,47.7,0,2017
SefeAu00,NYJ,25,TE,13,10,74,50,67.6%,357,7.1,3,18,28,4.8,3.8,27.5,1,2017
ClayCh00,BUF,28,TE,13,13,74,49,66.2%,558,11.4,2,29,44,7.5,3.8,42.9,1,2017
HoopAu00,ATL,23,TE,16,8,65,49,75.4%,526,10.7,3,18,88,8.1,3.1,32.9,0,2017
BenjKe00,2TM,26,WR,14,14,78,48,61.5%,692,14.4,3,0,43,8.9,3.4,49.4,0,2017
BratCa00,TAM,26,TE,16,5,77,48,62.3%,591,12.3,6,34,35,7.7,3.0,36.9,1,2017
CoopAm00,OAK,23,WR,14,12,96,48,50.0%,680,14.2,7,28,87,7.1,3.4,48.6,1,2017
SandEm00,DEN,30,WR,12,11,92,47,51.1%,555,11.8,2,30,38,6.0,3.9,46.3,0,2017
AlleJa01,BAL,26,RB,16,0,60,46,76.7%,250,5.4,2,16,20,4.2,2.9,15.6,0,2017
GranRy01,WAS,27,WR,16,7,65,45,69.2%,573,12.7,4,29,40,8.8,2.8,35.8,0,2017
HenrHu00,LAC,23,TE,14,13,62,45,72.6%,579,12.9,4,32,34,9.3,3.2,41.4,0,2017
LockTy00,SEA,25,WR,16,8,71,45,63.4%,555,12.3,2,24,74,7.8,2.8,34.7,0,2017
RichPa01,SEA,25,WR,16,13,80,44,55.0%,703,16.0,6,34,61,8.8,2.8,43.9,0,2017
VereSh00,NYG,28,RB,16,0,53,44,83.0%,253,5.8,0,9,20,4.8,2.8,15.8,0,2017
BernGi00,CIN,26,RB,16,2,60,43,71.7%,389,9.0,2,17,61,6.5,2.7,24.3,0,2017
2017,,,,,,,,,,,,,,,,,,
DaviVe00,WAS,33,TE,16,16,69,43,62.3%,648,15.1,3,24,69,9.4,2.7,40.5,2,2017
JameJe00,PIT,23,TE,16,14,63,43,68.3%,372,8.7,3,20,32,5.9,2.7,23.3,0,2017
KittGe00,SFO,24,TE,15,7,63,43,68.3%,515,12.0,2,24,44,8.2,2.9,34.3,0,2017
RobeSe00,OAK,26,WR,15,7,65,43,66.2%,455,10.6,1,23,29,7.0,2.9,30.3,2,2017
TaylTr02,SFO,23,WR,15,1,60,43,71.7%,430,10.0,2,27,33,7.2,2.9,28.7,1,2017
WillTy00,LAC,25,WR,16,15,69,43,62.3%,728,16.9,4,29,75,10.6,2.7,45.5,1,2017
ColeKe00,JAX,24,WR,16,6,83,42,50.6%,748,17.8,3,32,75,9.0,2.6,46.8,2,2017
KrofTy00,CIN,25,TE,16,16,62,42,67.7%,404,9.6,7,22,59,6.5,2.6,25.3,0,2017
WilsAl02,KAN,25,WR,13,7,62,42,67.7%,554,13.2,3,32,63,8.9,3.2,42.6,0,2017
ThomJu00,MIA,29,TE,14,12,62,41,66.1%,388,9.5,3,18,27,6.3,2.9,27.7,1,2017
GarcPi00,SFO,31,WR,8,8,67,40,59.7%,500,12.5,0,26,59,7.5,5.0,62.5,0,2017
MaclJe00,BAL,29,WR,12,12,72,40,55.6%,440,11.0,3,23,48,6.1,3.3,36.7,0,2017
ElliAn00,2TM,28,RB,12,2,59,39,66.1%,369,9.5,0,0,29,6.3,3.3,30.8,0,2017
HurnAl01,JAX,26,WR,10,8,56,39,69.6%,484,12.4,2,28,50,8.6,3.9,48.4,0,2017
MurrDe00,TEN,29,RB,15,15,47,39,83.0%,266,6.8,1,11,18,5.7,2.6,17.7,1,2017
ThomCh03,WAS,27,RB,10,1,54,39,72.2%,510,13.1,4,22,74,9.4,3.9,51.0,3,2017
WatkSa00,LAR,24,WR,15,14,70,39,55.7%,593,15.2,8,33,67,8.5,2.6,39.5,0,2017
ThomDe04,2TM,28,WR,16,10,69,38,55.1%,555,14.6,2,0,46,8.0,2.4,34.7,1,2017
FortMa00,NYJ,32,RB,12,4,45,37,82.2%,293,7.9,1,14,34,6.5,3.1,24.4,1,2017
BeasCo00,DAL,28,WR,15,4,63,36,57.1%,314,8.7,4,20,54,5.0,2.4,20.9,0,2017
FourLe00,JAX,22,RB,13,13,48,36,75.0%,302,8.4,1,18,28,6.3,2.8,23.2,2,2017
FreeDe00,ATL,25,RB,14,14,47,36,76.6%,317,8.8,1,18,29,6.7,2.6,22.6,4,2017
LewiRo03,NYG,24,WR,15,8,72,36,50.0%,416,11.6,2,20,34,5.8,2.4,27.7,0,2017
MillLa01,HOU,26,RB,16,13,45,36,80.0%,327,9.1,3,18,32,7.3,2.3,20.4,1,2017
SmitTo02,PHI,28,WR,16,14,67,36,53.7%,430,11.9,2,11,59,6.4,2.3,26.9,0,2017
DoctJo00,WAS,25,WR,16,14,78,35,44.9%,502,14.3,6,25,52,6.4,2.2,31.4,0,2017
SimsCh00,TAM,27,RB,16,0,47,35,74.5%,249,7.1,1,13,25,5.3,2.2,15.6,1,2017
BenjTr00,LAC,28,WR,16,3,62,34,54.8%,567,16.7,4,21,62,9.1,2.1,35.4,2,2017
DaviCo03,TEN,22,WR,11,9,65,34,52.3%,375,11.0,0,17,37,5.8,3.1,34.1,1,2017
GallWa00,NYG,23,RB,13,1,48,34,70.8%,193,5.7,1,8,11,4.0,2.6,14.8,3,2017
2017,,,,,,,,,,,,,,,,,,
GodwCh00,TAM,21,WR,16,2,55,34,61.8%,525,15.4,1,27,70,9.5,2.1,32.8,0,2017
HogaCh00,NWE,30,WR,9,7,59,34,57.6%,439,12.9,5,22,47,7.4,3.8,48.8,0,2017
McKiJ.00,SEA,24,WR,13,1,46,34,73.9%,266,7.8,2,14,27,5.8,2.6,20.5,0,2017
WashDe00,OAK,24,RB,15,0,45,34,75.6%,197,5.8,1,15,15,4.4,2.3,13.1,2,2017
DevaSe00,CLE,24,TE,16,4,58,33,56.9%,395,12.0,1,18,49,6.8,2.1,24.7,1,2017
GabrTa00,ATL,26,WR,16,4,51,33,64.7%,378,11.5,1,17,40,7.4,2.1,23.6,0,2017
GresJe00,ARI,29,TE,14,14,46,33,71.7%,322,9.8,2,17,21,7.0,2.4,23.0,0,2017
JuszKy00,SFO,26,FB,14,10,42,33,78.6%,315,9.5,1,13,44,7.5,2.4,22.5,2,2017
WoodDa02,BAL,32,RB,8,0,39,33,84.6%,200,6.1,0,9,22,5.1,4.1,25.0,0,2017
DrakKe00,MIA,23,RB,16,6,48,32,66.7%,239,7.5,1,7,47,5.0,2.0,14.9,2,2017
LewiDi00,NWE,27,RB,16,8,35,32,91.4%,214,6.7,3,11,20,6.1,2.0,13.4,0,2017
NjokDa00,CLE,21,TE,16,5,60,32,53.3%,386,12.1,4,17,34,6.4,2.0,24.1,0,2017
BrowJa03,ARI,27,WR,16,8,69,31,44.9%,477,15.4,4,23,52,6.9,1.9,29.8,0,2017
PattCo00,OAK,26,WR,16,2,42,31,73.8%,309,10.0,0,14,59,7.4,1.9,19.3,3,2017
BennMa00,2TM,30,TE,9,7,44,30,68.2%,286,9.5,0,0,33,6.5,3.3,31.8,0,2017
BookDe00,DEN,25,RB,13,0,38,30,78.9%,275,9.2,0,13,29,7.2,2.3,21.2,2,2017
BurkRe00,NWE,27,RB,10,3,36,30,83.3%,254,8.5,3,13,23,7.1,3.0,25.4,1,2017
DickEd00,CAR,30,TE,16,12,48,30,62.5%,437,14.6,1,22,64,9.1,1.9,27.3,0,2017
GateAn00,LAC,37,TE,16,4,52,30,57.7%,316,10.5,3,16,27,6.1,1.9,19.8,0,2017
JoneT.00,DET,25,WR,14,6,49,30,61.2%,399,13.3,1,22,34,8.1,2.1,28.5,1,2017
MixoJo00,CIN,21,RB,14,7,34,30,88.2%,287,9.6,0,10,67,8.4,2.1,20.5,3,2017
YeldT.00,JAX,24,RB,10,0,41,30,73.2%,224,7.5,0,14,20,5.5,3.0,22.4,2,2017
ElliBr00,HOU,26,WR,11,6,57,29,50.9%,330,11.4,2,15,35,5.8,2.6,30.0,1,2017
FowlBe00,DEN,26,WR,16,4,56,29,51.8%,350,12.1,3,18,29,6.3,1.8,21.9,1,2017
GoreFr00,IND,34,RB,16,16,38,29,76.3%,245,8.4,1,9,26,6.4,1.8,15.3,3,2017
NelsJJ00,ARI,25,WR,16,5,61,29,47.5%,508,17.5,2,21,46,8.3,1.8,31.8,1,2017
AndeC.00,DEN,26,RB,16,16,40,28,70.0%,224,8.0,1,7,25,5.6,1.8,14.0,1,2017
BoylNi00,BAL,24,TE,15,11,37,28,75.7%,203,7.3,0,11,16,5.5,1.9,13.5,0,2017
CrowIs00,CLE,24,RB,16,16,42,28,66.7%,182,6.5,0,9,38,4.3,1.8,11.4,1,2017
FullWi01,HOU,23,WR,10,10,50,28,56.0%,423,15.1,7,21,59,8.5,2.8,42.3,0,2017
2017,,,,,,,,,,,,,,,,,,
GollKe00,DET,24,WR,11,5,48,28,58.3%,477,17.0,3,18,54,9.9,2.5,43.4,0,2017
ColeTe01,ATL,24,RB,15,3,39,27,69.2%,299,11.1,3,13,39,7.7,1.8,19.9,1,2017
EkelAu00,LAC,22,RB,16,0,35,27,77.1%,279,10.3,3,12,38,8.0,1.7,17.4,2,2017
HiggRa00,CLE,23,WR,15,4,50,27,54.0%,312,11.6,2,13,56,6.2,1.8,20.8,1,2017
JoneZa00,BUF,22,WR,15,10,74,27,36.5%,316,11.7,2,19,33,4.3,1.8,21.1,0,2017
LouiRi00,CLE,23,WR,16,9,61,27,44.3%,357,13.2,0,18,37,5.9,1.7,22.3,0,2017
ReedJo02,WAS,27,TE,6,5,35,27,77.1%,211,7.8,2,10,20,6.0,4.5,35.2,1,2017
RichJa01,OAK,24,RB,16,1,36,27,75.0%,256,9.5,1,13,39,7.1,1.7,16.0,8,2017
WestCh01,KAN,26,RB,13,0,34,27,79.4%,150,5.6,2,7,25,4.4,2.1,11.5,1,2017
WestDe00,JAX,24,WR,7,5,51,27,52.9%,339,12.6,1,15,29,6.6,3.9,48.4,1,2017
ElliEz00,DAL,22,RB,10,10,38,26,68.4%,269,10.3,2,6,72,7.1,2.6,26.9,1,2017
HowaO.00,TAM,23,TE,14,14,39,26,66.7%,432,16.6,6,20,58,11.1,1.9,30.9,3,2017
MoncDo00,IND,24,WR,12,8,47,26,55.3%,391,15.0,2,22,60,8.3,2.2,32.6,0,2017
AbduAm00,DET,24,RB,14,11,35,25,71.4%,162,6.5,1,13,22,4.6,1.8,11.6,2,2017
AndeSt01,HOU,24,TE,15,5,52,25,48.1%,342,13.7,1,17,42,6.6,1.7,22.8,0,2017
BeckOd00,NYG,25,WR,4,2,41,25,61.0%,302,12.1,3,14,48,7.4,6.3,75.5,0,2017
HigbTy00,LAR,24,TE,16,16,45,25,55.6%,295,11.8,1,12,38,6.6,1.6,18.4,0,2017
InmaDo00,2TM,28,WR,12,7,44,25,56.8%,343,13.7,1,0,26,7.8,2.1,28.6,0,2017
MattJo00,BUF,25,WR,10,7,36,25,69.4%,282,11.3,1,13,47,7.8,2.5,28.2,1,2017
WillJa06,GNB,22,RB,16,7,34,25,73.5%,262,10.5,2,12,54,7.7,1.6,16.4,0,2017
AjayJa00,2TM,24,RB,14,8,34,24,70.6%,158,6.6,1,0,32,4.6,1.7,11.3,3,2017
BellJo02,CHI,28,WR,15,7,46,24,52.2%,376,15.7,1,15,46,8.2,1.6,25.1,0,2017
ElliRh00,NYG,29,TE,16,14,32,24,75.0%,235,9.8,2,13,27,7.3,1.5,14.7,0,2017
LewiMa00,JAX,33,TE,16,16,48,24,50.0%,318,13.3,5,18,37,6.6,1.5,19.9,0,2017
AlliGe01,GNB,23,WR,15,2,39,23,59.0%,253,11.0,0,10,72,6.5,1.5,16.9,2,2017
BurtTr01,PHI,26,TE,15,1,31,23,74.2%,248,10.8,5,14,27,8.0,1.5,16.5,0,2017
CharJa00,DEN,31,RB,14,0,28,23,82.1%,129,5.6,0,6,20,4.6,1.6,9.2,2,2017
ColeBr00,NOR,25,WR,16,6,37,23,62.2%,364,15.8,3,13,54,9.8,1.4,22.8,2,2017
ColeCo00,CLE,23,WR,9,8,58,23,39.7%,305,13.3,2,17,44,5.3,2.6,33.9,0,2017
CollAl00,BAL,23,RB,15,12,36,23,63.9%,187,8.1,0,8,37,5.2,1.5,12.5,4,2017
2017,,,,,,,,,,,,,,,,,,
HowaJo00,CHI,23,RB,16,16,32,23,71.9%,125,5.4,0,4,12,3.9,1.4,7.8,1,2017
MontTy01,GNB,24,RB,8,5,31,23,74.2%,173,7.5,1,8,23,5.6,2.9,21.6,0,2017
PoweBi00,NYJ,29,RB,15,10,33,23,69.7%,170,7.4,0,9,31,5.2,1.5,11.3,1,2017
RogeCh02,IND,23,WR,11,4,37,23,62.2%,284,12.3,1,16,61,7.7,2.1,25.8,0,2017
BoydTy00,CIN,23,WR,10,1,32,22,68.8%,225,10.2,2,14,49,7.0,2.2,22.5,0,2017
FleeCo00,NOR,29,TE,11,1,30,22,73.3%,295,13.4,2,13,33,9.8,2.0,26.8,0,2017
KerlJe00,NYJ,29,WR,8,2,27,22,81.5%,217,9.9,1,13,31,8.0,2.8,27.1,3,2017
OLeaNi00,BUF,25,TE,15,5,32,22,68.8%,322,14.6,2,14,32,10.1,1.5,21.5,1,2017
PeriSa00,WAS,22,RB,16,8,24,22,91.7%,182,8.3,1,9,25,7.6,1.4,11.4,2,2017
BreiMa00,SFO,22,RB,16,0,36,21,58.3%,180,8.6,1,9,32,5.0,1.3,11.3,1,2017
BrowJo02,ARI,27,WR,10,5,55,21,38.2%,299,14.2,3,15,52,5.4,2.1,29.9,0,2017
CeleGa00,SFO,29,TE,16,13,33,21,63.6%,336,16.0,4,15,61,10.2,1.3,21.0,0,2017
DerbA.00,2TM,26,TE,11,1,40,21,52.5%,244,11.6,2,0,29,6.1,1.9,22.2,1,2017
IvorCh00,JAX,29,RB,14,3,28,21,75.0%,175,8.3,1,8,29,6.3,1.5,12.5,2,2017
MackMa00,IND,21,RB,14,0,33,21,63.6%,225,10.7,1,10,34,6.8,1.5,16.1,1,2017
RobiDe01,KAN,23,WR,16,8,39,21,53.8%,212,10.1,0,12,33,5.4,1.3,13.3,0,2017
BritKe00,2TM,29,WR,12,4,43,20,46.5%,256,12.8,2,0,38,6.0,1.7,21.3,0,2017
CunnBe01,CHI,27,RB,14,0,26,20,76.9%,240,12.0,2,9,40,9.2,1.4,17.1,1,2017
HardJu00,ATL,26,WR,16,1,29,20,69.0%,221,11.1,3,13,27,7.6,1.3,13.8,1,2017
LyncMa00,OAK,31,RB,15,15,31,20,64.5%,151,7.6,0,6,26,4.9,1.3,10.1,1,2017
MillZa02,CHI,33,TE,8,6,35,20,57.1%,236,11.8,2,10,29,6.7,2.5,29.5,0,2017
PryoTe00,WAS,28,WR,9,2,37,20,54.1%,240,12.0,1,15,44,6.5,2.2,26.7,0,2017
TreaLa00,MIN,22,WR,16,7,35,20,57.1%,200,10.0,0,12,25,5.7,1.3,12.5,1,2017
WillDa05,MIA,25,RB,11,4,28,20,71.4%,155,7.8,1,13,24,5.5,1.8,14.1,0,2017
CampMi02,BAL,26,WR,13,0,27,19,70.4%,173,9.1,1,11,18,6.4,1.5,13.3,4,2017
DarkOr00,NYG,25,RB,15,11,28,19,67.9%,116,6.1,0,7,13,4.1,1.3,7.7,1,2017
LatiCo00,DEN,25,WR,11,1,31,19,61.3%,287,15.1,2,15,32,9.3,1.7,26.1,1,2017
MillBr03,HOU,25,WR,11,3,29,19,65.5%,162,8.5,1,8,57,5.6,1.7,14.7,0,2017
RobiAl00,SFO,29,WR,16,1,48,19,39.6%,260,13.7,2,12,45,5.4,1.2,16.3,0,2017
SmitRo06,DAL,25,RB,15,1,23,19,82.6%,202,10.6,1,9,81,8.8,1.3,13.5,0,2017
2017,,,,,,,,,,,,,,,,,,
GordJo02,CLE,26,WR,5,5,42,18,42.9%,335,18.6,1,12,54,8.0,3.6,67.0,0,2017
HarrDe03,KAN,26,TE,16,7,35,18,51.4%,224,12.4,1,12,51,6.4,1.1,14.0,0,2017
KendLa00,GNB,29,TE,16,9,35,18,51.4%,203,11.3,1,8,51,5.8,1.1,12.7,0,2017
KingTa00,NYG,27,WR,8,3,37,18,48.6%,240,13.3,3,11,57,6.5,2.3,30.0,0,2017
MarsBr00,NYG,33,WR,5,5,33,18,54.5%,154,8.6,0,12,18,4.7,3.6,30.8,0,2017
MoorCh00,BAL,24,WR,13,4,38,18,47.4%,248,13.8,3,11,30,6.5,1.4,19.1,0,2017
RogeEl00,PIT,25,WR,14,4,36,18,50.0%,149,8.3,1,10,18,4.1,1.3,10.6,1,2017
SmitJo01,TEN,22,TE,16,13,30,18,60.0%,157,8.7,2,5,32,5.2,1.1,9.8,0,2017
WrigJa02,MIN,28,WR,16,0,25,18,72.0%,198,11.0,2,13,30,7.9,1.1,12.4,0,2017
FellDa01,DET,31,TE,16,13,26,17,65.4%,177,10.4,3,12,23,6.8,1.1,11.1,0,2017
FostD.01,ARI,24,WR,7,0,28,17,60.7%,133,7.8,0,8,20,4.8,2.4,19.0,0,2017
McGuEl00,NYJ,23,RB,16,2,26,17,65.4%,177,10.4,1,10,38,6.8,1.1,11.1,2,2017
OlseGr00,CAR,32,TE,7,7,38,17,44.7%,191,11.2,1,13,30,5.0,2.4,27.3,0,2017
ShepRu00,CAR,27,WR,15,3,32,17,53.1%,202,11.9,1,10,40,6.3,1.1,13.5,1,2017
BarbPe01,TAM,23,RB,16,4,19,16,84.2%,114,7.1,0,4,34,6.0,1.0,7.1,2,2017
BourKe00,SFO,22,WR,11,0,34,16,47.1%,257,16.1,0,12,54,7.6,1.5,23.4,0,2017
CadeTr00,2TM,28,RB,9,0,19,16,84.2%,119,7.4,0,0,16,6.3,1.8,13.2,0,2017
EverGe00,LAR,23,TE,16,2,32,16,50.0%,244,15.3,2,6,69,7.6,1.0,15.3,1,2017
HillJo02,NOR,27,TE,16,11,22,16,72.7%,125,7.8,1,5,22,5.7,1.0,7.8,2,2017
HollMa00,PHI,24,WR,16,0,22,16,72.7%,226,14.1,1,8,64,10.3,1.0,14.1,0,2017
TaylTa00,TEN,22,WR,16,4,28,16,57.1%,231,14.4,1,9,53,8.3,1.0,14.4,0,2017
AikeKa00,IND,28,WR,15,7,44,15,34.1%,133,8.9,0,7,21,3.0,1.0,8.9,0,2017
ButlBr00,DAL,27,WR,13,0,23,15,65.2%,317,21.1,3,10,53,13.8,1.2,24.4,0,2017
DaviMi01,SEA,24,RB,6,6,18,15,83.3%,131,8.7,0,6,23,7.3,2.5,21.8,0,2017
MurrLa00,MIN,27,RB,16,11,17,15,88.2%,103,6.9,0,4,28,6.1,0.9,6.4,1,2017
SamuCu00,CAR,21,WR,9,4,26,15,57.7%,115,7.7,0,6,23,4.4,1.7,12.8,0,2017
SimsDi00,CHI,26,TE,14,14,29,15,51.7%,180,12.0,1,9,27,6.2,1.1,12.9,0,2017
WillMa04,BAL,23,TE,11,8,18,15,83.3%,86,5.7,1,7,17,4.8,1.4,7.8,1,2017
WillLu00,SEA,27,TE,16,7,22,15,68.2%,153,10.2,4,8,27,7.0,0.9,9.6,0,2017
BibbKa00,WAS,24,RB,3,0,17,14,82.4%,128,9.1,1,4,36,7.5,4.7,42.7,0,2017
2017,,,,,,,,,,,,,,,,,,
FiedC.00,HOU,26,TE,5,5,22,14,63.6%,127,9.1,0,7,15,5.8,2.8,25.4,0,2017
GreeVi00,DEN,29,TE,16,16,22,14,63.6%,191,13.6,1,7,44,8.7,0.9,11.9,0,2017
McDoVa00,PIT,27,TE,10,7,24,14,58.3%,188,13.4,1,9,28,7.8,1.4,18.8,0,2017
O'ShJa00,JAX,25,TE,16,1,24,14,58.3%,149,10.6,1,9,29,6.2,0.9,9.3,0,2017
ThomDe05,KAN,24,RB,16,2,16,14,87.5%,143,10.2,2,4,57,8.9,0.9,8.9,1,2017
TolbMi00,BUF,32,RB,12,0,17,14,82.4%,78,5.6,0,2,12,4.6,1.2,6.5,2,2017
AustTa00,LAR,27,WR,16,9,22,13,59.1%,47,3.6,0,2,13,2.1,0.8,2.9,5,2017
BrowDa04,CHI,25,WR,14,2,20,13,65.0%,129,9.9,0,9,17,6.5,0.9,9.2,0,2017
CeleBr00,PHI,32,TE,16,10,24,13,54.2%,130,10.0,1,7,28,5.4,0.8,8.1,0,2017
GranJa00,MIA,25,WR,16,0,22,13,59.1%,203,15.6,2,9,65,9.2,0.8,12.7,2,2017
GrifRy00,HOU,27,TE,7,6,26,13,50.0%,158,12.2,1,8,35,6.1,1.9,22.6,0,2017
HolmAn00,BUF,29,WR,14,2,22,13,59.1%,120,9.2,3,10,36,5.5,0.9,8.6,0,2017
PaulNi00,WAS,28,TE,14,8,19,13,68.4%,94,7.2,0,4,32,4.9,0.9,6.7,0,2017
SmalWe00,PHI,23,RB,8,3,18,13,72.2%,103,7.9,0,6,24,5.7,1.6,12.9,0,2017
TaylJo01,DEN,25,WR,10,2,20,13,65.0%,142,10.9,0,5,30,7.1,1.3,14.2,1,2017
WillBr04,IND,30,WR,14,10,17,13,76.5%,121,9.3,0,4,32,7.1,0.9,8.6,0,2017
DorsPh00,NWE,24,WR,15,2,18,12,66.7%,194,16.2,0,8,39,10.8,0.8,12.9,0,2017
EricAl01,CIN,25,WR,16,0,16,12,75.0%,180,15.0,1,9,37,11.3,0.8,11.3,7,2017
FasaAn00,MIA,33,TE,16,7,16,12,75.0%,107,8.9,1,5,29,6.7,0.8,6.7,1,2017
RodgRi00,GNB,25,TE,15,1,19,12,63.2%,160,13.3,1,6,36,8.4,0.8,10.7,0,2017
SealRi00,ARI,22,WR,10,1,28,12,42.9%,201,16.8,3,10,29,7.2,1.2,20.1,0,2017
ShahAd00,CHI,23,FB,13,7,14,12,85.7%,127,10.6,3,8,31,9.1,0.9,9.8,0,2017
ToilLe00,ATL,26,TE,15,12,14,12,85.7%,122,10.2,1,5,25,8.7,0.8,8.1,0,2017
VannNi00,SEA,24,TE,15,4,15,12,80.0%,124,10.3,1,6,21,8.3,0.8,8.3,0,2017
ConlCh00,KAN,25,WR,5,5,16,11,68.8%,175,15.9,0,8,35,10.9,2.2,35.0,0,2017
CookDa01,MIN,22,RB,4,4,16,11,68.8%,90,8.2,0,3,36,5.6,2.8,22.5,1,2017
CoopPh00,LAR,22,WR,16,1,19,11,57.9%,84,7.6,0,4,26,4.4,0.7,5.3,3,2017
HenrDe00,TEN,23,RB,16,2,17,11,64.7%,136,12.4,1,4,66,8.0,0.7,8.5,1,2017
NiklTr00,ARI,25,TE,15,11,23,11,47.8%,132,12.0,1,6,21,5.7,0.7,8.8,0,2017
PeteAd01,2TM,32,RB,10,7,19,11,57.9%,70,6.4,0,0,13,3.7,1.1,7.0,3,2017
2017,,,,,,,,,,,,,,,,,,
ReynJo00,LAR,22,WR,16,1,24,11,45.8%,104,9.5,1,8,28,4.3,0.7,6.5,0,2017
WillMi07,LAC,23,WR,10,1,23,11,47.8%,95,8.6,0,7,20,4.1,1.1,9.5,0,2017
AlleDw00,NWE,27,TE,16,8,22,10,45.5%,86,8.6,1,5,22,3.9,0.6,5.4,0,2017
ByrdDa00,CAR,24,WR,8,3,17,10,58.8%,105,10.5,2,5,31,6.2,1.3,13.1,0,2017
ClemCo00,PHI,23,RB,16,0,15,10,66.7%,123,12.3,2,6,28,8.2,0.6,7.7,0,2017
FloyMi00,MIN,28,WR,11,1,17,10,58.8%,78,7.8,0,3,19,4.6,0.9,7.1,0,2017
LewiTo00,NOR,25,WR,15,0,14,10,71.4%,116,11.6,1,5,52,8.3,0.7,7.7,1,2017
MorgDa01,MIN,24,TE,15,6,12,10,83.3%,95,9.5,1,5,23,7.9,0.7,6.3,0,2017
PerrBr02,BAL,24,WR,11,3,35,10,28.6%,77,7.7,0,3,14,2.2,0.9,7.0,0,2017
UzomC.00,CIN,24,TE,14,4,15,10,66.7%,92,9.2,1,7,21,6.1,0.7,6.6,0,2017
WillKe05,ARI,26,RB,16,6,15,10,66.7%,93,9.3,0,6,25,6.2,0.6,5.8,0,2017
BrowMa03,LAR,24,RB,11,1,11,9,81.8%,53,5.9,0,3,16,4.8,0.8,4.8,1,2017
HansCh00,NYJ,22,WR,15,1,17,9,52.9%,94,10.4,0,7,24,5.5,0.6,6.3,0,2017
HeueJe00,DEN,25,TE,14,6,21,9,42.9%,142,15.8,2,5,54,6.8,0.6,10.1,0,2017
HoltJo00,OAK,27,WR,16,1,18,9,50.0%,218,24.2,3,5,64,12.1,0.6,13.6,3,2017
JoneAa00,GNB,23,RB,12,4,18,9,50.0%,22,2.4,0,2,9,1.2,0.8,1.8,0,2017
MartDo00,TAM,28,RB,11,8,18,9,50.0%,84,9.3,0,6,17,4.7,0.8,7.6,1,2017
RawlTh00,SEA,24,RB,12,3,13,9,69.2%,94,10.4,0,4,22,7.2,0.8,7.8,1,2017
RodgJa00,TAM,27,RB,16,4,11,9,81.8%,74,8.2,0,4,15,6.7,0.6,4.6,0,2017
TurbRo00,IND,28,RB,6,1,11,9,81.8%,56,6.2,0,3,16,5.1,1.5,9.3,0,2017
WalfCl00,OAK,26,TE,13,0,13,9,69.2%,80,8.9,0,2,26,6.2,0.7,6.2,0,2017
WillKa02,CLE,25,WR,7,2,18,9,50.0%,84,9.3,0,2,14,4.7,1.3,12.0,0,2017
AdamJe01,NYG,25,TE,16,1,11,8,72.7%,92,11.5,0,5,38,8.4,0.5,5.8,0,2017
BersBr00,CAR,27,WR,8,1,14,8,57.1%,128,16.0,0,6,27,9.1,1.0,16.0,0,2017
BlouLe00,PHI,31,RB,16,11,8,8,100.0%,50,6.3,1,3,20,6.3,0.5,3.1,1,2017
CarrDe00,LAR,27,TE,14,3,11,8,72.7%,71,8.9,0,4,17,6.5,0.6,5.1,0,2017
DarbAm00,SEA,23,WR,16,0,13,8,61.5%,71,8.9,0,2,16,5.5,0.5,4.4,0,2017
ErviTy00,HOU,24,RB,4,0,11,8,72.7%,38,4.8,0,1,7,3.5,2.0,9.5,0,2017
McBrTr00,CHI,25,WR,8,3,15,8,53.3%,144,18.0,0,6,45,9.6,1.0,18.0,0,2017
MurpLo00,SFO,30,WR,7,7,17,8,47.1%,121,15.1,1,6,40,7.1,1.1,17.3,0,2017
2017,,,,,,,,,,,,,,,,,,
PerkPa00,NYG,23,RB,11,4,10,8,80.0%,46,5.8,0,1,11,4.6,0.7,4.2,0,2017
RudoTr00,NYG,22,WR,7,1,21,8,38.1%,101,12.6,0,4,29,4.8,1.1,14.4,0,2017
SmitLe00,OAK,30,TE,16,9,11,8,72.7%,76,9.5,0,4,21,6.9,0.5,4.8,0,2017
SneaWi00,NOR,25,WR,11,7,16,8,50.0%,92,11.5,0,4,26,5.8,0.7,8.4,1,2017
StewJo00,CAR,30,RB,15,10,15,8,53.3%,52,6.5,1,2,21,3.5,0.5,3.5,3,2017
TomlEr01,NYJ,25,TE,14,12,11,8,72.7%,121,15.1,1,4,34,11.0,0.6,8.6,0,2017
TrayAu00,DEN,24,TE,7,3,13,8,61.5%,100,12.5,0,6,34,7.7,1.1,14.3,0,2017
BlueAl00,HOU,26,RB,11,0,9,7,77.8%,54,7.7,0,4,14,6.0,0.6,4.9,0,2017
CarrLe00,MIA,23,WR,14,0,12,7,58.3%,69,9.9,0,4,21,5.8,0.5,4.9,0,2017
CarsCh00,SEA,23,RB,4,3,8,7,87.5%,59,8.4,1,3,10,7.4,1.8,14.8,0,2017
DiMaPa00,BUF,28,FB,16,9,10,7,70.0%,28,4.0,0,1,9,2.8,0.4,1.8,0,2017
HamxC.00,MIN,24,RB,16,1,8,7,87.5%,68,9.7,0,3,12,8.5,0.4,4.3,0,2017
MorrAl00,DAL,29,RB,14,5,9,7,77.8%,45,6.4,0,1,13,5.0,0.5,3.2,0,2017
RipkAa00,GNB,25,RB,16,2,10,7,70.0%,39,5.6,0,1,12,3.9,0.4,2.4,0,2017
SproDa00,PHI,34,RB,3,0,12,7,58.3%,73,10.4,0,4,16,6.1,2.3,24.3,1,2017
ThomLo00,BUF,26,TE,12,2,9,7,77.8%,67,9.6,1,2,22,7.4,0.6,5.6,0,2017
TravRo00,2TM,24,LB,15,3,17,7,41.2%,76,10.9,0,0,20,4.5,0.5,5.1,1,2017
BohaTo00,JAX,27,FB,16,10,11,6,54.5%,43,7.2,1,3,14,3.9,0.4,2.7,0,2017
ClayKa00,2TM,25,WR,13,2,19,6,31.6%,85,14.2,0,0,28,4.5,0.5,6.5,3,2017
CoatSa00,CLE,24,WR,12,1,11,6,54.5%,70,11.7,0,2,38,6.4,0.5,5.8,0,2017
DeveJa00,NWE,29,FB,16,7,10,6,60.0%,38,6.3,0,3,10,3.8,0.4,2.4,0,2017
ForeDO00,HOU,21,RB,10,1,8,6,75.0%,83,13.8,0,4,34,10.4,0.6,8.3,2,2017
HoomMi00,NOR,29,TE,14,10,10,6,60.0%,52,8.7,1,2,25,5.2,0.4,3.7,0,2017
JohnDa08,ARI,26,RB,1,1,9,6,66.7%,67,11.2,0,3,24,7.4,6.0,67.0,2,2017
LacyEd00,SEA,27,RB,9,3,6,6,100.0%,47,7.8,0,2,14,7.8,0.7,5.2,0,2017
MaloJo00,CIN,21,WR,11,7,17,6,35.3%,63,10.5,1,3,25,3.7,0.5,5.7,0,2017
MarsBy01,WAS,23,RB,4,0,8,6,75.0%,36,6.0,0,1,12,4.5,1.5,9.0,0,2017
MickJa01,JAX,23,WR,10,0,11,6,54.5%,77,12.8,2,4,41,7.0,0.6,7.7,4,2017
OlawJa00,OAK,28,FB,12,0,7,6,85.7%,33,5.5,0,1,9,4.7,0.5,2.8,1,2017
OlivBr01,LAC,26,RB,8,0,11,6,54.5%,26,4.3,0,2,11,2.4,0.8,3.3,0,2017
2017,,,,,,,,,,,,,,,,,,
ProsC.00,SEA,23,RB,5,0,11,6,54.5%,87,14.5,0,3,46,7.9,1.2,17.4,0,2017
QuicBr00,WAS,28,WR,11,1,8,6,75.0%,76,12.7,0,5,31,9.5,0.5,6.9,0,2017
SherAn00,KAN,29,RB,16,3,8,6,75.0%,47,7.8,0,4,11,5.9,0.4,2.9,0,2017
SterNe00,NYJ,25,WR,11,1,10,6,60.0%,82,13.7,0,5,35,8.2,0.5,7.5,0,2017
StewAr00,NYJ,24,WR,15,2,13,6,46.2%,82,13.7,0,2,46,6.3,0.4,5.5,0,2017
SwitRy00,DAL,23,WR,16,0,7,6,85.7%,41,6.8,0,4,12,5.9,0.4,2.6,1,2017
TateBr00,BUF,30,WR,13,1,14,6,42.9%,81,13.5,1,5,24,5.8,0.5,6.2,1,2017
ThomLa04,NYJ,24,DE,14,4,7,6,85.7%,43,7.2,0,1,15,6.1,0.4,3.1,0,2017
BarnKe00,PHI,28,RB,13,1,8,5,62.5%,56,11.2,0,1,22,7.0,0.4,4.3,3,2017
CrosAl00,TAM,24,TE,8,4,6,5,83.3%,58,11.6,0,3,23,9.7,0.6,7.3,0,2017
DaviTr03,GNB,24,WR,16,0,7,5,71.4%,70,14.0,0,2,29,10.0,0.3,4.4,0,2017
GoldBr00,ARI,29,WR,13,0,9,5,55.6%,70,14.0,0,3,29,7.8,0.4,5.4,0,2017
GrimXa00,PIT,25,TE,15,2,9,5,55.6%,32,6.4,1,2,12,3.6,0.3,2.1,0,2017
JohnCh04,ARI,32,RB,4,3,6,5,83.3%,43,8.6,0,3,15,7.2,1.3,10.8,0,2017
JohnMa07,PHI,23,WR,10,0,8,5,62.5%,45,9.0,0,3,16,5.6,0.5,4.5,1,2017
KoyaBe00,JAX,24,TE,16,3,7,5,71.4%,38,7.6,0,0,21,5.4,0.3,2.4,0,2017
MartFr00,TAM,26,WR,8,0,6,5,83.3%,96,19.2,0,4,39,16.0,0.6,12.0,0,2017
McEvTa01,SEA,24,TE,15,0,9,5,55.6%,113,22.6,0,4,53,12.6,0.3,7.5,1,2017
RainBo00,BAL,30,RB,4,0,7,5,71.4%,18,3.6,0,2,12,2.6,1.3,4.5,0,2017
SharHu01,2TM,23,WR,3,1,9,5,55.6%,54,10.8,1,0,21,6.0,1.7,18.0,0,2017
SmitKe03,DAL,25,FB,16,3,5,5,100.0%,26,5.2,0,2,12,5.2,0.3,1.6,0,2017
ThomMi04,LAR,23,WR,8,1,7,5,71.4%,93,18.6,0,4,50,13.3,0.6,11.6,1,2017
ThomCh05,HOU,23,WR,13,0,6,5,83.3%,84,16.8,0,5,32,14.0,0.4,6.5,3,2017
TregBr00,CLE,23,WR,6,1,18,5,27.8%,79,15.8,0,4,20,4.4,0.8,13.2,1,2017
WhitFo00,CAR,28,RB,12,0,6,5,83.3%,47,9.4,1,1,28,7.8,0.4,3.9,0,2017
BrowNo00,DAL,21,WR,13,1,9,4,44.4%,33,8.3,0,3,14,3.7,0.3,2.5,0,2017
ClarMi00,GNB,22,WR,2,0,14,4,28.6%,41,10.3,0,2,19,2.9,2.0,20.5,0,2017
DayeMa00,CLE,23,RB,16,0,5,4,80.0%,29,7.3,0,1,15,5.8,0.3,1.8,0,2017
EifeTy00,CIN,27,TE,2,1,5,4,80.0%,46,11.5,0,2,22,9.2,2.0,23.0,0,2017
HannJa00,DAL,28,TE,16,8,9,4,44.4%,88,22.0,1,4,31,9.8,0.3,5.5,0,2017
2017,,,,,,,,,,,,,,,,,,
HarrMa05,WAS,25,WR,6,0,6,4,66.7%,62,15.5,1,3,36,10.3,0.7,10.3,0,2017
HillJe01,CIN,25,RB,7,7,4,4,100.0%,16,4.0,0,1,10,4.0,0.6,2.3,1,2017
HollJa03,NWE,24,TE,15,1,11,4,36.4%,42,10.5,0,2,19,3.8,0.3,2.8,0,2017
HuntAk01,KAN,24,RB,15,0,7,4,57.1%,31,7.8,0,1,20,4.4,0.3,2.1,0,2017
HuntJu00,PIT,26,WR,7,1,10,4,40.0%,23,5.8,1,3,7,2.3,0.6,3.3,0,2017
JanoAn00,DEN,24,RB,16,4,6,4,66.7%,35,8.8,0,2,16,5.8,0.3,2.2,0,2017
KellRo00,WAS,25,RB,7,7,7,4,57.1%,18,4.5,0,3,9,2.6,0.6,2.6,0,2017
McGrSe00,LAC,30,TE,15,6,4,4,100.0%,46,11.5,0,3,23,11.5,0.3,3.1,0,2017
McKeIs00,DEN,22,WR,11,0,13,4,30.8%,29,7.3,0,2,14,2.2,0.4,2.6,6,2017
PennEl00,ARI,24,RB,16,0,6,4,66.7%,38,9.5,0,2,18,6.3,0.3,2.4,0,2017
ProsJa00,HOU,25,FB,16,5,4,4,100.0%,31,7.8,0,1,18,7.8,0.3,1.9,0,2017
RicaPa00,BAL,23,DT/FB,16,0,4,4,100.0%,12,3.0,2,2,6,3.0,0.3,0.8,0,2017
RobeMi01,DET,23,TE,15,3,7,4,57.1%,46,11.5,0,2,23,6.6,0.3,3.1,0,2017
StocLu00,2TM,29,TE,12,6,5,4,80.0%,30,7.5,1,0,12,6.0,0.3,2.5,0,2017
SupePh00,TEN,27,TE,16,3,6,4,66.7%,39,9.8,1,2,20,6.5,0.3,2.4,0,2017
TyexWi00,NYJ,26,TE,3,1,6,4,66.7%,38,9.5,0,1,21,6.3,1.3,12.7,0,2017
WhalGr00,BAL,27,WR,2,0,6,4,66.7%,23,5.8,0,0,9,3.8,2.0,11.5,0,2017
AbbrJa00,DET,27,WR,7,0,7,3,42.9%,44,14.7,0,2,25,6.3,0.4,6.3,0,2017
BellBl00,MIN,26,TE,13,3,4,3,75.0%,19,6.3,0,1,12,4.8,0.2,1.5,0,2017
BrayQu00,IND,24,WR,9,0,4,3,75.0%,39,13.0,0,2,22,9.8,0.3,4.3,1,2017
DaniDa02,IND,23,TE,12,3,13,3,23.1%,26,8.7,0,2,13,2.0,0.3,2.2,0,2017
FergJo02,IND,24,RB,10,0,4,3,75.0%,16,5.3,0,0,8,4.0,0.3,1.6,0,2017
GentTa00,CHI,23,QB,4,3,6,3,50.0%,35,11.7,0,2,15,5.8,0.8,8.8,0,2017
GranCo00,JAX,26,RB,16,0,4,3,75.0%,41,13.7,0,2,28,10.3,0.2,2.6,1,2017
MattCh00,BAL,28,WR,6,0,6,3,50.0%,25,8.3,0,2,12,4.2,0.5,4.2,0,2017
MaysDe00,GNB,23,RB,8,0,3,3,100.0%,0,0.0,0,0,1,0.0,0.4,0.0,2,2017
SmitDe06,MIA,23,RB,5,0,3,3,100.0%,27,9.0,0,1,13,9.0,0.6,5.4,0,2017
StroJa01,2TM,23,WR,2,0,4,3,75.0%,38,12.7,1,0,19,9.5,1.5,19.0,0,2017
TelfRa00,CLE,25,TE,16,14,4,3,75.0%,36,12.0,0,2,20,9.0,0.2,2.3,0,2017
VitaDa00,CLE,24,FB,15,6,5,3,60.0%,19,6.3,0,1,11,3.8,0.2,1.3,0,2017
2017,,,,,,,,,,,,,,,,,,
WardTe00,ATL,25,RB,14,0,3,3,100.0%,14,4.7,0,1,11,4.7,0.2,1.0,1,2017
WheaMa00,CHI,26,WR,11,0,17,3,17.6%,51,17.0,0,3,22,3.0,0.3,4.6,0,2017
WillCh05,ARI,23,WR,6,1,7,3,42.9%,31,10.3,0,1,15,4.4,0.5,5.2,0,2017
WillNi02,ATL,27,WR,1,0,4,3,75.0%,30,10.0,0,3,14,7.5,3.0,30.0,0,2017
AgneJa00,DET,22,DB,13,0,2,2,100.0%,18,9.0,0,1,12,9.0,0.2,1.4,3,2017
AuclAn00,TAM,24,TE,8,3,2,2,100.0%,25,12.5,0,2,14,12.5,0.3,3.1,0,2017
BurtMi00,CHI,25,RB,16,3,4,2,50.0%,8,4.0,0,0,8,2.0,0.1,0.5,0,2017
ByrdEm00,GNB,23,TE,1,0,2,2,100.0%,31,15.5,0,1,29,15.5,2.0,31.0,0,2017
CharOr00,KAN,26,TE,5,0,2,2,100.0%,53,26.5,0,1,35,26.5,0.4,10.6,0,2017
ChesJe00,KAN,24,WR,12,1,4,2,50.0%,18,9.0,0,2,10,4.5,0.2,1.5,0,2017
ColeDe00,ATL,27,FB,16,7,7,2,28.6%,20,10.0,0,1,11,2.9,0.1,1.3,0,2017
CumbJe00,LAC,30,TE,7,3,3,2,66.7%,2,1.0,0,0,2,0.7,0.3,0.3,0,2017
GibsSh00,PHI,23,WR,5,0,3,2,66.7%,11,5.5,0,1,6,3.7,0.4,2.2,0,2017
GreeTi00,DET,24,RB,5,0,2,2,100.0%,14,7.0,0,0,9,7.0,0.4,2.8,0,2017
HallMa02,ATL,24,WR,8,0,9,2,22.2%,60,30.0,1,2,40,6.7,0.3,7.5,0,2017
HendDe01,DEN,25,RB,5,0,2,2,100.0%,36,18.0,1,1,29,18.0,0.4,7.2,0,2017
HewiRy00,CIN,26,RB,13,3,2,2,100.0%,22,11.0,0,1,16,11.0,0.2,1.7,0,2017
HeywDa00,PIT,30,WR,16,0,3,2,66.7%,47,23.5,0,1,44,15.7,0.1,2.9,0,2017
HikuCo00,SFO,23,TE,4,0,3,2,66.7%,15,7.5,0,2,10,5.0,0.5,3.8,0,2017
HillBr02,2TM,22,RB,7,0,2,2,100.0%,36,18.0,0,0,34,18.0,0.3,5.1,0,2017
JaniJe00,GNB,26,WR,16,0,5,2,40.0%,12,6.0,0,1,12,2.4,0.1,0.8,0,2017
LineZa01,NOR,27,RB,12,4,5,2,40.0%,8,4.0,1,1,5,1.6,0.2,0.7,0,2017
MaddTr01,SEA,24,RB,8,3,2,2,100.0%,65,32.5,0,1,66,32.5,0.3,8.1,0,2017
ManhCh00,CAR,25,TE,16,4,4,2,50.0%,17,8.5,0,1,11,4.3,0.1,1.1,0,2017
MurpMa03,BUF,26,RB,1,0,2,2,100.0%,7,3.5,0,1,5,3.5,2.0,7.0,0,2017
NatsJo00,NYJ,23,WR,7,0,5,2,40.0%,18,9.0,0,1,19,3.6,0.3,2.6,1,2017
NixxRo01,PIT,25,RB,16,4,3,2,66.7%,6,3.0,1,1,5,2.0,0.1,0.4,0,2017
PoweDa02,NYG,23,WR,1,1,4,2,50.0%,13,6.5,0,0,8,3.3,2.0,13.0,0,2017
ReedBe01,2TM,26,WR,11,0,2,2,100.0%,21,10.5,0,0,15,10.5,0.2,1.9,1,2017
SpriJe00,WAS,23,TE,11,5,3,2,66.7%,13,6.5,1,1,7,4.3,0.2,1.2,0,2017
2017,,,,,,,,,,,,,,,,,,
SwaiGe00,DAL,24,TE,15,2,2,2,100.0%,25,12.5,0,2,18,12.5,0.1,1.7,0,2017
TousFi00,PIT,27,RB,6,0,3,2,66.7%,9,4.5,0,1,7,3.0,0.3,1.5,0,2017
WashDw00,DET,23,RB,5,0,2,2,100.0%,14,7.0,0,1,10,7.0,0.4,2.8,0,2017
WattDe00,LAC,25,RB,16,4,3,2,66.7%,35,17.5,0,2,23,11.7,0.1,2.2,0,2017
WestTe00,BAL,26,RB,5,4,4,2,50.0%,23,11.5,0,2,15,5.8,0.4,4.6,1,2017
WhitKe00,CHI,25,WR,1,1,4,2,50.0%,6,3.0,0,0,6,1.5,2.0,6.0,0,2017
ArtiCa00,CAR,27,RB,13,0,1,1,100.0%,2,2.0,0,0,2,2.0,0.1,0.2,0,2017
BellNi01,DET,28,LB,13,2,1,1,100.0%,1,1.0,1,1,1,1.0,0.1,0.1,0,2017
BennAr00,JAX,29,WR,9,0,2,1,50.0%,12,12.0,0,1,12,6.0,0.1,1.3,0,2017
BoldBr00,NWE,27,RB,16,0,4,1,25.0%,7,7.0,0,1,7,1.8,0.1,0.4,0,2017
BrowMa02,2TM,26,DB,4,0,1,1,100.0%,11,11.0,0,0,11,11.0,0.3,2.8,0,2017
DougHa00,TEN,33,WR,2,0,3,1,33.3%,8,8.0,0,0,8,2.7,0.5,4.0,0,2017
DunbLa00,LAR,27,RB,4,0,3,1,33.3%,1,1.0,0,0,1,0.3,0.3,0.3,0,2017
GaroJi00,SFO,26,QB,6,5,1,1,100.0%,-6,-6.0,0,0,-6,-6.0,0.2,-1.0,1,2017
GillMi00,NWE,27,RB,9,2,1,1,100.0%,15,15.0,0,1,15,15.0,0.1,1.7,1,2017
GrayMa00,MIA,28,TE,16,0,3,1,33.3%,10,10.0,0,1,10,3.3,0.1,0.6,0,2017
GrifGa00,NOR,23,TE,3,0,1,1,100.0%,4,4.0,0,0,4,4.0,0.3,1.3,0,2017
HamiCo00,HOU,27,WR,3,1,6,1,16.7%,8,8.0,0,1,8,1.3,0.3,2.7,0,2017
HazeMa01,IND,25,WR,4,0,1,1,100.0%,1,1.0,0,0,1,1.0,0.3,0.3,0,2017
HundBr00,GNB,24,QB,11,9,1,1,100.0%,10,10.0,0,1,10,10.0,0.1,0.9,4,2017
JoneTa00,BUF,29,RB,8,0,2,1,50.0%,11,11.0,0,1,11,5.5,0.1,1.4,0,2017
KerrJo00,GNB,25,RB,4,0,1,1,100.0%,3,3.0,0,0,3,3.0,0.3,0.8,0,2017
LeslJo00,CLE,26,WR,2,0,1,1,100.0%,26,26.0,0,1,26,26.0,0.5,13.0,0,2017
MallRy02,HOU,24,TE,2,0,1,1,100.0%,3,3.0,0,0,3,3.0,0.5,1.5,0,2017
McCaMa01,JAX,23,WR,5,0,1,1,100.0%,4,4.0,0,0,4,4.0,0.2,0.8,0,2017
MihaBr00,DET,25,DE,15,2,1,1,100.0%,-4,-4.0,0,0,-4,-4.0,0.1,-0.3,0,2017
MomaIf00,ARI,28,WR,9,2,2,1,50.0%,46,46.0,0,1,46,23.0,0.1,5.1,0,2017
PeakCh00,NYJ,25,WR,3,0,1,1,100.0%,3,3.0,0,1,3,3.0,0.3,1.0,0,2017
PerrSe00,MIA,26,RB,16,0,1,1,100.0%,3,3.0,0,0,3,3.0,0.1,0.2,0,2017
PinkLa00,JAX,25,WR,4,0,1,1,100.0%,5,5.0,0,0,5,5.0,0.3,1.3,0,2017
2017,,,,,,,,,,,,,,,,,,
RaymKa00,2TM,23,WR,8,0,1,1,100.0%,12,12.0,0,0,12,12.0,0.1,1.5,5,2017
RobeAn00,ATL,29,WR,16,0,4,1,25.0%,12,12.0,0,1,12,3.0,0.1,0.8,4,2017
RobiAl02,JAX,24,WR,1,1,1,1,100.0%,17,17.0,0,1,17,17.0,1.0,17.0,0,2017
WeemEr00,TEN,32,WR,16,0,2,1,50.0%,5,5.0,0,0,5,2.5,0.1,0.3,0,2017
WestLe00,TAM,24,T,8,0,1,1,100.0%,2,2.0,1,1,2,2.0,0.1,0.3,0,2017
WhitDe01,HOU,26,WR,2,1,7,1,14.3%,24,24.0,0,1,24,3.4,0.5,12.0,1,2017
WillMa03,2TM,26,DB,15,0,1,1,100.0%,31,31.0,0,0,31,31.0,0.1,2.1,0,2017
WilsJe00,TAM,22,WR,3,1,1,1,100.0%,18,18.0,1,1,18,18.0,0.3,6.0,0,2017
ZeitKe00,CLE,27,RG,16,16,1,1,100.0%,-4,-4.0,0,0,-4,-4.0,0.1,-0.3,0,2017
BrenK.00,IND,24,WR,5,0,1,0,0.0%,0,,0,0,0,0.0,0.0,0.0,,2017
BundMa00,NYG,23,WR,1,1,3,0,0.0%,0,,0,0,0,0.0,0.0,0.0,,2017
ConnJa00,PIT,22,RB,14,0,1,0,0.0%,0,,0,0,0,0.0,0.0,0.0,0,2017
CoreCo00,CIN,23,WR,13,0,4,0,0.0%,0,,0,0,0,0.0,0.0,0.0,,2017
EagaEd00,NYG,24,WR,4,0,1,0,0.0%,0,,0,0,0,0.0,0.0,0.0,0,2017
ErviCa00,KAN,25,T,13,4,1,0,0.0%,0,,0,0,0,0.0,0.0,0.0,,2017
FlueDa00,TEN,25,RB,16,0,1,0,0.0%,0,,0,0,0,0.0,0.0,0.0,0,2017
FowlJa00,TEN,27,RB,10,1,1,0,0.0%,0,,0,0,0,0.0,0.0,0.0,0,2017
HolmGa00,ARI,26,TE,2,0,1,0,0.0%,0,,0,0,0,0.0,0.0,0.0,,2017
JackAd00,TEN,22,LCB,16,16,1,0,0.0%,0,,0,0,0,0.0,0.0,0.0,1,2017
LaCoMa00,2TM,25,TE,5,1,1,0,0.0%,0,,0,0,0,0.0,0.0,0.0,,2017
MaylVi00,BAL,26,WR,16,0,1,0,0.0%,0,,0,0,0,0.0,0.0,0.0,0,2017
PaulLo00,SFO,30,TE,14,1,2,0,0.0%,0,,0,0,0,0.0,0.0,0.0,,2017
RossJo00,CIN,22,WR,3,1,2,0,0.0%,0,,0,0,0,0.0,0.0,0.0,1,2017
SambTy00,ATL,25,T,15,2,1,0,0.0%,0,,0,0,0,0.0,0.0,0.0,,2017
SpilC.00,KAN,30,RB,1,0,2,0,0.0%,0,,0,0,0,0.0,0.0,0.0,0,2017
ThomSh01,CAR,23,LLB,14,14,1,0,0.0%,0,,0,0,0,0.0,0.0,0.0,0,2017
WhitIs00,OAK,23,WR,2,0,1,0,0.0%,0,,0,0,0,0.0,0.0,0.0,,2017
WillMa09,CLE,23,FB,1,0,1,0,0.0%,0,,0,0,0,0.0,0.0,0.0,,2017
ZennZa00,DET,26,RB,8,0,1,0,0.0%,0,,0,0,0,0.0,0.0,0.0,0,2017
2017,,,,,,,,,,,,,,,,,,
