0,1,2,3,4,5,6,7,8,9,10,11,12,13,14
HenrDe00,TEN,25,RB,15,15,303,1540,16,73,74,5.1,102.7,5,2019
ElliEz00,DAL,24,RB,16,16,301,1357,12,78,33,4.5,84.8,3,2019
ChubNi00,CLE,24,RB,16,16,298,1494,8,62,88,5.0,93.4,3,2019
McCaCh01,CAR,23,RB,16,16,287,1387,15,57,84,4.8,86.7,1,2019
CarsCh00,SEA,25,RB,15,15,278,1230,7,75,59,4.4,82.0,7,2019
MixoJo00,CIN,23,RB,16,15,278,1137,5,56,41,4.1,71.1,0,2019
FourLe00,JAX,24,RB,15,15,265,1152,3,55,81,4.3,76.8,1,2019
CookDa01,MIN,24,RB,14,14,250,1135,13,60,75,4.5,81.1,4,2019
MackMa00,IND,23,RB,14,12,247,1091,8,67,63,4.4,77.9,0,2019
MichSo00,NWE,24,RB,16,14,247,912,7,55,26,3.7,57.0,2,2019
BellLe00,NYJ,27,RB,15,15,245,789,3,36,19,3.2,52.6,1,2019
HydeCa00,HOU,29,RB,16,14,245,1070,6,55,58,4.4,66.9,4,2019
JacoJo01,OAK,21,RB,13,13,242,1150,7,53,51,4.8,88.5,1,2019
MontDa01,CHI,22,RB,16,8,242,889,6,50,55,3.7,55.6,2,2019
JoneAa00,GNB,25,RB,16,16,236,1084,16,55,56,4.6,67.8,3,2019
LindPh00,DEN,25,RB,16,16,224,1011,7,38,40,4.5,63.2,0,2019
GurlTo01,LAR,25,RB,15,15,223,857,12,51,25,3.8,57.1,3,2019
BarkSa00,NYG,22,RB,13,13,217,1003,6,45,68,4.6,77.2,1,2019
PeteAd01,WAS,34,RB,15,15,211,898,5,41,32,4.3,59.9,3,2019
IngrMa01,BAL,30,RB,15,15,202,1018,10,53,53,5.0,67.9,2,2019
FreeDe00,ATL,27,RB,14,14,184,656,2,31,28,3.6,46.9,3,2019
SandMi01,PHI,22,RB,16,11,179,818,3,30,65,4.6,51.1,2,2019
JackLa00,BAL,22,QB,15,15,176,1206,7,71,47,6.9,80.4,9,2019
JoneRo01,TAM,22,RB,16,9,172,724,6,34,49,4.2,45.3,3,2019
KamaAl00,NOR,24,RB,14,9,171,797,5,32,40,4.7,56.9,4,2019
DrakKe00,2TM,25,RB,14,10,170,817,8,48,80,4.8,58.4,2,2019
GoreFr00,BUF,36,RB,16,8,166,599,2,30,41,3.6,37.4,0,2019
GordMe00,LAC,26,RB,12,11,162,612,8,39,24,3.8,51.0,4,2019
BarbPe01,TAM,25,RB,16,7,154,470,6,23,17,3.1,29.4,1,2019
2019,,,,,,,,,,,,,,
SingDe00,BUF,22,RB,12,8,151,775,2,37,38,5.1,64.6,4,2019
MurrLa00,NOR,29,RB,16,8,146,637,5,38,30,4.4,39.8,0,2019
ColeTe01,SFO,26,RB,14,11,137,544,6,26,48,4.0,38.9,0,2019
MostRa00,SFO,27,RB,16,0,137,772,8,31,41,5.6,48.3,2,2019
EdwaGu00,BAL,24,RB,16,1,133,711,2,46,63,5.3,44.4,2,2019
EkelAu00,LAC,24,RB,16,8,132,557,3,32,35,4.2,34.8,3,2019
FreeRo00,DEN,23,RB,16,0,132,496,3,22,26,3.8,31.0,0,2019
BreiMa00,SFO,24,RB,13,5,123,623,1,23,83,5.1,47.9,2,2019
HowaJo00,PHI,25,RB,10,4,119,525,6,28,20,4.4,52.5,0,2019
ConnJa00,PIT,24,RB,10,10,116,464,4,26,25,4.0,46.4,1,2019
JohnKe06,DET,22,RB,8,7,113,403,3,22,20,3.6,50.4,1,2019
WillDa05,KAN,27,RB,11,6,111,498,5,22,91,4.5,45.3,1,2019
AlleJo02,BUF,23,QB,16,16,109,510,9,42,36,4.7,31.9,14,2019
SnelBe00,PIT,21,RB,13,2,108,426,2,19,23,3.9,32.8,1,2019
WashDe00,OAK,26,RB,16,3,108,387,3,23,36,3.6,24.2,0,2019
WillJa06,GNB,24,RB,14,2,107,460,1,23,45,4.3,32.9,0,2019
McCoLe01,KAN,31,RB,13,9,101,465,4,24,39,4.6,35.8,3,2019
MattAl01,MIN,21,RB,13,0,100,462,1,19,35,4.6,35.5,1,2019
JohnDa08,ARI,28,RB,13,9,94,345,2,20,18,3.7,26.5,1,2019
MurrKy00,ARI,22,QB,16,16,93,544,4,27,35,5.8,34.0,5,2019
ScarBo01,DET,25,RB,6,5,89,377,1,15,30,4.2,62.8,1,2019
PollTo00,DAL,22,RB,15,0,86,455,2,21,44,5.3,30.3,1,2019
JohnDu00,HOU,26,RB,16,2,83,410,2,17,40,4.9,25.6,1,2019
WatsDe00,HOU,24,QB,15,15,82,413,7,29,30,5.0,27.5,10,2019
HillBr02,ATL,24,RB,12,2,78,323,2,19,27,4.1,26.9,0,2019
WilsRu00,SEA,31,QB,16,16,75,342,3,17,21,4.6,21.4,8,2019
BallKa00,MIA,24,RB,12,6,74,135,3,10,8,1.8,11.3,0,2019
BrowMa03,LAR,26,RB,14,1,69,255,5,16,17,3.7,18.2,0,2019
MinsGa00,JAX,23,QB,14,12,67,344,0,20,21,5.1,24.6,12,2019
WhitJa02,NWE,27,RB,15,1,67,263,1,15,32,3.9,17.5,1,2019
2019,,,,,,,,,,,,,,
SamuJa00,PIT,23,RB,14,4,66,175,1,9,13,2.7,12.5,1,2019
BurkRe00,NWE,29,RB,13,1,65,302,3,18,33,4.6,23.2,1,2019
PennRa00,SEA,23,RB,10,0,65,370,3,16,58,5.7,37.0,1,2019
CoheTa00,CHI,24,RB,16,11,64,213,0,15,19,3.3,13.3,3,2019
JohnTy02,DET,22,RB,16,1,63,273,0,11,40,4.3,17.1,1,2019
LairPa00,MIA,24,RB,15,4,62,168,1,9,18,2.7,11.2,0,2019
WentCa00,PHI,27,QB,16,16,62,243,1,21,19,3.9,15.2,16,2019
ScotBo02,PHI,24,RB,11,2,61,245,5,17,25,4.0,22.3,4,2019
EdmoCh00,ARI,23,RB,13,2,60,303,4,12,37,5.1,23.3,0,2019
PoweBi00,NYJ,31,RB,13,1,59,229,0,12,17,3.9,17.6,0,2019
WinsJa00,TAM,25,QB,16,16,59,250,1,18,26,4.2,15.6,12,2019
HillJu00,BAL,22,RB,16,0,58,225,2,10,18,3.9,14.1,0,2019
BrisJa00,IND,27,QB,15,15,56,228,4,20,24,4.1,15.2,7,2019
FitzRy00,MIA,37,QB,15,13,54,243,4,16,20,4.5,16.2,9,2019
LewiDi00,TEN,29,RB,16,1,54,209,0,6,17,3.9,13.1,1,2019
BernGi00,CIN,28,RB,16,2,53,170,0,10,25,3.2,10.6,2,2019
WaltMa00,MIA,22,RB,7,4,53,201,0,11,19,3.8,28.7,1,2019
HineNy00,IND,23,RB,16,2,52,199,2,16,18,3.8,12.4,1,2019
PresDa01,DAL,26,QB,16,16,52,277,3,19,42,5.3,17.3,6,2019
WilkJo01,IND,25,RB,14,1,51,307,2,12,55,6.0,21.9,0,2019
BoonMi00,MIN,24,RB,16,2,49,273,3,9,59,5.6,17.1,0,2019
WillJo07,IND,25,RB,9,1,49,235,1,13,48,4.8,26.1,0,2019
TrubMi00,CHI,25,QB,15,15,48,193,2,12,23,4.0,12.9,5,2019
GaroJi00,SFO,28,QB,16,16,46,62,1,13,11,1.3,3.9,10,2019
RodgAa00,GNB,36,QB,16,16,46,183,1,9,17,4.0,11.4,4,2019
JoneDa05,NYG,22,QB,13,12,45,279,2,21,26,6.2,21.5,19,2019
HuntKa00,CLE,24,RB,8,3,43,179,2,8,16,4.2,22.4,1,2019
MahoPa00,KAN,24,QB,14,14,43,218,2,15,25,5.1,15.6,3,2019
TannRy00,TEN,31,QB,12,10,43,185,4,14,25,4.3,15.4,5,2019
GuicDe00,WAS,22,RB,5,1,42,245,2,9,60,5.8,49.0,0,2019
2019,,,,,,,,,,,,,,
WillDa10,KAN,24,RB,12,0,41,141,3,12,41,3.4,11.8,1,2019
HendDa00,LAR,22,RB,13,0,39,147,0,10,22,3.8,11.3,0,2019
RichJa01,OAK,26,RB,16,0,39,145,0,10,13,3.7,9.1,2,2019
McKiJ.00,DET,26,WR,16,3,38,205,0,8,44,5.4,12.8,0,2019
ThomCh03,WAS,29,RB,11,0,37,138,0,7,16,3.7,12.5,1,2019
ThomDa06,KAN,22,RB,12,0,37,128,1,9,12,3.5,10.7,0,2019
GaskMy00,MIA,22,RB,7,0,36,133,1,7,27,3.7,19.0,0,2019
ArmsRy00,JAX,23,RB,16,1,35,108,0,5,16,3.1,6.8,0,2019
RyanMa00,ATL,34,QB,15,15,34,147,1,10,12,4.3,9.8,9,2019
DarnSa00,NYJ,22,QB,13,13,33,62,2,6,24,1.9,4.8,11,2019
GoffJa00,LAR,25,QB,16,16,33,40,2,5,8,1.2,2.5,10,2019
AlleKy00,CAR,23,QB,13,12,32,106,2,9,17,3.3,8.2,13,2019
DaltAn00,CIN,32,QB,13,13,32,73,4,12,17,2.3,5.6,8,2019
MontTy01,NYJ,26,WR,16,2,32,103,0,2,15,3.2,6.4,0,2019
CousKi00,MIN,31,QB,15,15,31,63,1,8,14,2.0,4.2,10,2019
HillJo03,NYG,24,RB,3,1,30,91,0,6,10,3.0,30.3,2,2019
GallWa00,NYG,25,RB,10,2,29,110,2,6,22,3.8,11.0,0,2019
JackJu01,LAC,23,RB,7,0,29,200,0,9,40,6.9,28.6,0,2019
BridTe00,NOR,27,QB,9,5,28,31,0,4,11,1.1,3.4,1,2019
MayfBa00,CLE,24,QB,16,16,28,141,3,15,18,5.0,8.8,6,2019
CarrDe02,OAK,28,QB,16,16,27,82,2,7,15,3.0,5.1,7,2019
HillTa00,NOR,29,WR,16,5,27,156,1,10,30,5.8,9.8,0,2019
WilsJe01,SFO,24,RB,10,0,27,105,4,9,25,3.9,10.5,0,2019
BradTo00,NWE,42,QB,16,16,26,34,3,8,17,1.3,2.1,4,2019
MariMa01,TEN,26,QB,7,6,24,129,0,5,15,5.4,18.4,3,2019
WhytKe00,PIT,23,RB,6,0,24,122,0,5,21,5.1,20.3,0,2019
AbduAm00,MIN,26,RB,16,0,23,115,0,4,15,5.0,7.2,1,2019
ProsC.00,SEA,25,RB,9,0,23,72,1,4,17,3.1,8.0,1,2019
DrisJe00,DET,26,QB,3,3,22,151,1,10,23,6.9,50.3,1,2019
EdmuTr00,PIT,25,RB,11,0,22,92,0,2,45,4.2,8.4,0,2019
2019,,,,,,,,,,,,,,
OlliQa00,ATL,23,RB,8,0,22,50,4,6,6,2.3,6.3,1,2019
SmalWe00,WAS,25,RB,15,0,22,81,0,4,17,3.7,5.4,0,2019
SmitIt00,ATL,24,RB,7,0,22,106,1,10,28,4.8,15.1,0,2019
HodgDe00,PIT,23,QB,8,6,21,68,0,5,22,3.2,8.5,5,2019
RudoMa00,PIT,24,QB,10,8,21,42,0,6,13,2.0,4.2,4,2019
GrifRo01,BAL,29,QB,7,1,20,70,0,5,16,3.5,10.0,0,2019
HaskDw00,WAS,22,QB,9,7,20,101,0,7,23,5.1,11.2,6,2019
StafMa00,DET,31,QB,8,8,20,66,0,5,12,3.3,8.3,5,2019
SamuCu00,CAR,23,WR,16,15,19,130,1,7,16,6.8,8.1,0,2019
CarsTr01,2TM,27,RB,3,1,18,48,0,3,12,2.7,16.0,0,2019
HomeTr00,SEA,21,RB,16,1,18,114,0,6,29,6.3,7.1,0,2019
LockDr00,DEN,23,QB,5,5,18,72,0,5,12,4.0,14.4,3,2019
PattCo00,CHI,28,WR,16,4,17,103,0,4,46,6.1,6.4,0,2019
SproDa00,PHI,36,RB,6,1,17,66,0,3,17,3.9,11.0,1,2019
WareSp00,KAN,28,RB,3,1,17,51,0,3,6,3.0,17.0,1,2019
WoodRo02,LAR,27,WR,15,15,17,115,1,5,20,6.8,7.7,0,2019
YeldT.00,BUF,26,RB,6,0,17,63,0,5,12,3.7,10.5,1,2019
AndeC.00,DET,28,RB,2,0,16,43,0,1,9,2.7,21.5,0,2019
BonnRe00,CAR,23,RB,16,0,16,116,1,2,59,7.3,7.3,0,2019
BoldBr00,NWE,29,RB,15,2,15,68,3,5,21,4.5,4.5,0,2019
PennEl00,NYG,26,RB,16,1,15,39,0,2,6,2.6,2.4,0,2019
SamuDe00,SFO,23,WR,15,11,14,159,3,5,31,11.4,10.6,2,2019
DaviMi01,2TM,26,WR,12,1,13,27,0,0,8,2.1,2.3,0,2019
HillDo00,CLE,24,RB,14,0,13,49,2,3,11,3.8,3.5,2,2019
FlacJo00,DEN,34,QB,8,8,12,20,0,4,9,1.7,2.5,8,2019
LyncMa00,SEA,33,RB,1,0,12,34,1,2,15,2.8,34.0,0,2019
PerkPa00,DET,25,RB,4,0,12,29,0,3,13,2.4,7.3,0,2019
RivePh00,LAC,38,QB,16,16,12,29,0,2,12,2.4,1.8,8,2019
DawkDa01,TEN,25,RB,2,0,11,26,0,2,14,2.4,13.0,0,2019
OgunDa00,TAM,25,RB,16,0,11,17,2,3,12,1.5,1.1,2,2019
2019,,,,,,,,,,,,,,
AjayJa00,PHI,26,RB,3,0,10,30,0,3,11,3.0,10.0,0,2019
AlleBr00,DEN,27,QB,3,3,10,39,0,4,11,3.9,13.0,0,2019
AlleJa01,NYG,28,RB,10,0,10,36,1,3,19,3.6,3.6,0,2019
FinlRy00,CIN,25,QB,3,3,10,77,0,4,24,7.7,25.7,4,2019
HillWe00,DET,24,RB,1,1,10,21,2,3,15,2.1,21.0,0,2019
IngoAl01,OAK,23,FB,16,4,10,17,0,7,4,1.7,1.1,0,2019
KirkCh01,ARI,23,WR,13,13,10,93,0,4,28,9.3,7.2,0,2019
PopeTr00,LAC,26,RB,14,0,10,20,0,0,8,2.0,1.4,1,2019
TaylTy00,LAC,30,QB,8,0,10,7,0,1,9,0.7,0.9,0,2019
BreeDr00,NOR,40,QB,11,11,9,-4,1,2,2,-0.4,-0.4,0,2019
JoneTa00,HOU,31,RB,11,0,9,40,0,3,11,4.4,3.6,0,2019
KeenCa00,WAS,31,QB,10,8,9,12,1,2,9,1.3,1.2,6,2019
OzigDe01,JAX,23,RB,10,0,9,27,0,1,9,3.0,2.7,0,2019
SimsSt00,WAS,22,WR,16,2,9,85,1,2,65,9.4,5.3,1,2019
AdamJo03,NYJ,23,RB,3,0,8,12,0,1,10,1.5,4.0,0,2019
BlouDa00,DET,24,QB,5,5,8,31,0,1,9,3.9,6.2,1,2019
BrooTo01,PIT,25,RB,3,0,8,7,0,0,8,0.9,2.3,0,2019
EdelJu00,NWE,33,WR,16,13,8,27,0,2,9,3.4,1.7,3,2019
HillTy00,KAN,25,WR,12,12,8,23,0,1,5,2.9,1.9,0,2019
HoyeBr00,IND,34,QB,4,1,8,2,0,0,6,0.3,0.5,2,2019
McKeIs00,BUF,24,WR,15,8,8,49,0,4,16,6.1,3.3,0,2019
WashDw00,NOR,25,RB,16,0,8,60,0,2,31,7.5,3.8,0,2019
GrieWi00,CAR,24,QB,2,2,7,22,0,2,11,3.1,11.0,1,2019
HamxC.00,MIN,26,FB,16,7,7,17,0,2,9,2.4,1.1,1,2019
HundBr00,ARI,26,QB,3,0,7,41,0,3,14,5.9,13.7,0,2019
LineZa01,NOR,29,RB,12,2,7,20,0,5,5,2.9,1.7,0,2019
WattDe00,LAC,27,RB,16,2,7,10,1,6,3,1.4,0.6,0,2019
ArmaAl00,CAR,25,FB,16,1,6,11,1,1,4,1.8,0.7,0,2019
AustTa00,DAL,29,WR,14,0,6,47,1,2,20,7.8,3.4,1,2019
CookBr00,LAR,26,WR,14,14,6,52,0,3,27,8.7,3.7,0,2019
2019,,,,,,,,,,,,,,
DaniCh00,CHI,33,QB,3,1,6,6,0,2,4,1.0,2.0,0,2019
MannSe00,MIN,27,QB,3,1,6,-5,0,0,0,-0.8,-1.7,1,2019
MoorD.00,CAR,22,WR,15,15,6,40,0,3,13,6.7,2.7,2,2019
ShepSt00,NYG,26,WR,10,10,6,72,0,3,23,12.0,7.2,0,2019
BoylTi00,GNB,25,QB,3,0,5,-7,0,0,0,-1.4,-2.3,0,2019
DiggSt00,MIN,26,WR,15,15,5,61,0,3,27,12.2,4.1,4,2019
EricAl01,CIN,27,WR,16,6,5,33,0,2,17,6.6,2.1,4,2019
HarrNK00,NWE,22,WR,7,5,5,49,0,4,18,9.8,7.0,0,2019
HoweGr00,HOU,23,RB,16,0,5,10,0,1,4,2.0,0.6,0,2019
KittGe00,SFO,26,TE,14,14,5,22,0,1,18,4.4,1.6,1,2019
McCaA.00,HOU,29,QB,2,1,5,39,1,3,18,7.8,19.5,0,2019
MoorMa01,KAN,35,QB,6,2,5,-1,0,0,3,-0.2,-0.2,2,2019
NewtCa00,CAR,30,QB,2,2,5,-2,0,0,3,-0.4,-1.0,2,2019
PeriSa00,2TM,24,RB,7,0,5,16,0,1,9,3.2,2.3,0,2019
ReynJo00,LAR,24,WR,16,2,5,23,0,2,12,4.6,1.4,0,2019
SmitKe03,ATL,27,FB,16,5,5,8,0,4,3,1.6,0.5,0,2019
WestDe00,JAX,26,WR,15,11,5,27,0,0,8,5.4,1.8,1,2019
WillDe07,GNB,22,RB,4,0,5,11,0,0,5,2.2,2.8,0,2019
WilsAl02,MIA,27,WR,13,4,5,45,0,1,28,9.0,3.5,0,2019
BarnKe00,ATL,30,RB,14,0,4,28,0,1,12,7.0,2.0,4,2019
BoydTy00,CIN,25,WR,16,15,4,23,0,1,10,5.8,1.4,2,2019
CampPa00,IND,22,WR,7,3,4,34,0,1,22,8.5,4.9,3,2019
DaviTr03,3TM,26,WR,14,4,4,73,1,2,60,18.3,5.2,3,2019
FoleNi00,JAX,30,QB,4,4,4,23,0,2,13,5.8,5.8,2,2019
GageRu00,ATL,23,WR,16,4,4,12,0,0,6,3.0,0.8,1,2019
GranJa00,MIA,27,WR,10,2,4,5,1,1,7,1.3,0.5,2,2019
GrifRy01,TAM,30,QB,2,0,4,-1,0,0,0,-0.3,-0.5,0,2019
HardMe00,KAN,21,WR,16,5,4,17,0,1,9,4.3,1.1,2,2019
HarrDa06,NWE,22,RB,2,0,4,12,0,0,13,3.0,6.0,0,2019
HarrDe07,NOR,22,WR,14,1,4,31,0,2,10,7.8,2.2,3,2019
2019,,,,,,,,,,,,,,
IsabAn00,ARI,23,WR,15,1,4,15,0,0,6,3.8,1.0,0,2019
JohnDE04,CLE,23,RB,16,0,4,21,0,0,13,5.3,1.3,0,2019
JohnDi01,PIT,23,WR,16,12,4,41,0,2,17,10.3,2.6,5,2019
LockTy00,SEA,27,WR,16,16,4,-5,0,0,3,-1.3,-0.3,1,2019
MannEl00,NYG,38,QB,4,4,4,7,0,1,6,1.8,1.8,3,2019
ScarJo00,CAR,23,RB,9,0,4,9,0,0,6,2.3,1.0,0,2019
SherAn00,KAN,31,RB,16,0,4,9,0,3,5,2.3,0.6,0,2019
SmitJo01,TEN,24,TE,16,14,4,78,0,2,57,19.5,4.9,0,2019
ThieAd00,MIN,29,WR,10,10,4,6,1,1,3,1.5,0.6,0,2019
TurnDe01,MIA,24,RB,8,0,4,6,0,0,5,1.5,0.8,0,2019
AlleKe00,LAC,27,WR,16,16,3,16,0,1,18,5.3,1.0,0,2019
BeckOd00,CLE,27,WR,16,15,3,10,0,1,11,3.3,0.6,1,2019
BrowAJ00,TEN,22,WR,16,11,3,60,1,2,49,20.0,3.8,1,2019
CobbRa00,DAL,29,WR,15,6,3,11,0,0,7,3.7,0.7,2,2019
DiMaPa00,BUF,30,FB,16,4,3,7,0,0,4,2.3,0.4,0,2019
DorsPh00,NWE,26,WR,14,4,3,21,0,1,9,7.0,1.5,0,2019
EngrEv00,NYG,25,TE,8,6,3,7,0,0,5,2.3,0.9,0,2019
FantNo00,DEN,22,TE,16,11,3,-12,0,0,-2,-4.0,-0.8,1,2019
FergJo02,WAS,26,RB,2,0,3,9,0,1,7,3.0,4.5,0,2019
GabrTa00,CHI,28,WR,9,7,3,20,0,1,14,6.7,2.2,0,2019
GilbGa01,CLE,28,QB,5,0,3,-3,0,0,-1,-1.0,-0.6,0,2019
GinnTe00,NOR,34,WR,16,9,3,18,0,2,12,6.0,1.1,0,2019
JuszKy00,SFO,28,FB,12,12,3,7,0,1,6,2.3,0.6,0,2019
KellJo00,LAR,23,RB,4,0,3,9,0,0,6,3.0,2.3,0,2019
LogaT.00,TAM,25,FB,12,0,3,10,0,0,6,3.3,0.8,0,2019
MoorDa03,SEA,24,WR,14,1,3,25,0,1,19,8.3,1.8,2,2019
MullNi00,SFO,24,QB,1,0,3,-3,0,0,-1,-1.0,-3.0,0,2019
PerrSe00,BUF,28,RB,11,0,3,3,0,0,6,1.0,0.3,0,2019
RoseJo01,MIA,22,QB,6,3,3,13,0,0,6,4.3,2.2,1,2019
RossJo00,CIN,24,WR,8,8,3,4,0,0,5,1.3,0.5,1,2019
2019,,,,,,,,,,,,,,
SanuMo00,2TM,30,WR,15,12,3,11,0,1,8,3.7,0.7,0,2019
SchaMa00,ATL,38,QB,6,1,3,-3,0,0,-1,-1.0,-0.5,1,2019
SmitVy00,NYJ,23,WR,13,4,3,52,1,3,20,17.3,4.0,1,2019
SpenDi00,DEN,27,WR,16,2,3,6,0,0,9,2.0,0.4,3,2019
SuttCo00,DEN,24,WR,16,14,3,17,0,1,9,5.7,1.1,2,2019
ZennZa00,3TM,28,RB,5,0,3,-2,0,0,1,-0.7,-0.4,0,2019
AghoNe00,PHI,26,WR,11,10,2,7,0,1,16,3.5,0.6,2,2019
BarkMa00,BUF,29,QB,2,0,2,-4,0,0,0,-2.0,-2.0,3,2019
BerrJo00,PIT,28,P,16,0,2,-8,0,0,0,-4.0,-0.5,3,2019
BookDe00,DEN,27,RB,16,0,2,9,0,0,5,4.5,0.6,0,2019
BortBl00,LAR,27,QB,3,0,2,-9,0,0,1,-4.5,-3.0,0,2019
BrowJo02,BUF,29,WR,15,15,2,7,0,0,4,3.5,0.5,0,2019
CharDJ00,JAX,23,WR,15,14,2,20,0,1,20,10.0,1.3,0,2019
CoutKe00,HOU,22,WR,9,4,2,14,1,2,10,7.0,1.6,1,2019
DeveJa00,NWE,31,RB,2,2,2,3,0,1,2,1.5,1.5,0,2019
FostRo01,BUF,25,WR,13,2,2,29,0,1,22,14.5,2.2,0,2019
GlenMi00,OAK,30,QB,2,0,2,0,0,0,0,0.0,0.0,3,2019
HopkDe00,HOU,27,WR,15,15,2,18,0,2,12,9.0,1.2,0,2019
JameRi00,SFO,24,WR,16,1,2,-1,0,0,0,-0.5,-0.1,1,2019
JoneJu02,ATL,30,WR,15,15,2,-3,0,0,1,-1.5,-0.2,1,2019
JoneMa02,DET,29,WR,13,11,2,0,0,0,4,0.0,0.0,0,2019
KuppCo00,LAR,26,WR,16,14,2,4,0,0,6,2.0,0.3,3,2019
LeviAn00,BAL,32,DB,16,0,2,62,0,2,60,31.0,3.9,0,2019
McCoJo01,PHI,40,QB,3,0,2,-2,0,0,-1,-1.0,-0.7,0,2019
McCoCo00,WAS,33,QB,1,1,2,14,0,1,9,7.0,14.0,2,2019
MetcDK00,SEA,22,WR,16,15,2,11,0,0,7,5.5,0.7,3,2019
MillSc01,TAM,22,WR,10,2,2,16,0,1,18,8.0,1.6,0,2019
NallRy00,CHI,24,RB,8,0,2,8,0,1,7,4.0,1.0,0,2019
PascZa00,IND,25,WR,16,13,2,16,0,1,12,8.0,1.0,0,2019
PerrBr02,TAM,26,WR,14,4,2,16,0,1,13,8.0,1.1,0,2019
2019,,,,,,,,,,,,,,
RidlCa00,ATL,25,WR,13,10,2,34,0,2,19,17.0,2.6,0,2019
SneaWi00,BAL,27,WR,16,11,2,2,0,0,2,1.0,0.1,0,2019
StidJa00,NWE,23,QB,3,0,2,-2,0,0,-1,-1.0,-0.7,0,2019
ThomDe05,2TM,26,RB,14,0,2,5,0,1,4,2.5,0.4,3,2019
ValdMa00,GNB,25,WR,16,10,2,9,0,0,9,4.5,0.6,0,2019
WallDa01,OAK,27,TE,16,16,2,5,0,0,7,2.5,0.3,1,2019
WatkSa00,KAN,26,WR,14,13,2,12,0,1,11,6.0,0.9,2,2019
AgneJa00,DET,24,DB,13,0,1,9,0,1,9,9.0,0.7,1,2019
AlliGe01,GNB,25,WR,16,6,1,7,0,0,7,7.0,0.4,2,2019
AndeRo04,NYJ,26,WR,16,15,1,4,0,0,4,4.0,0.3,1,2019
AngeBr00,HOU,31,P,14,0,1,-5,0,0,-5,-5.0,-0.4,0,2019
BeckAn01,DEN,23,TE,16,6,1,3,0,1,3,3.0,0.2,0,2019
BrowAn04,NWE,31,WR,1,0,1,5,0,1,5,5.0,5.0,0,2019
CarrDe00,OAK,29,TE,16,4,1,27,0,1,27,27.0,1.7,0,2019
ColeKe00,JAX,26,WR,16,1,1,6,0,0,6,6.0,0.4,0,2019
CoopAm00,DAL,25,WR,16,16,1,6,0,0,6,6.0,0.4,0,2019
CoopPh00,2TM,24,WR,13,1,1,2,0,0,2,2.0,0.2,0,2019
CrowJa00,NYJ,26,WR,16,12,1,4,0,0,4,4.0,0.3,0,2019
DissWi00,SEA,23,TE,6,6,1,7,0,0,7,7.0,1.2,1,2019
ErviTy00,2TM,26,RB,10,0,1,10,0,1,10,10.0,1.0,2,2019
EverGe00,LAR,25,TE,13,2,1,0,0,0,0,0.0,0.0,0,2019
FordIs00,MIA,23,WR,8,0,1,11,0,1,11,11.0,1.4,0,2019
FowlBe00,NYG,28,WR,8,2,1,20,0,1,20,20.0,2.5,0,2019
FranJo04,TAM,25,DB,1,0,1,11,0,1,11,11.0,11.0,0,2019
GodwCh00,TAM,23,WR,14,14,1,8,0,0,8,8.0,0.6,0,2019
GoodMa00,SFO,29,WR,9,6,1,15,0,1,15,15.0,1.7,0,2019
GordJo02,2TM,28,WR,11,7,1,1,0,0,1,1.0,0.1,0,2019
HaacMa00,MIA,25,P,16,0,1,2,0,1,2,2.0,0.1,0,2019
HallMa02,DET,26,WR,9,0,1,7,0,0,7,7.0,0.8,0,2019
HarrEr00,OAK,29,FS/SS,16,14,1,4,0,1,4,4.0,0.3,0,2019
2019,,,,,,,,,,,,,,
HoltJo00,PIT,29,WR,16,3,1,9,0,1,9,9.0,0.6,0,2019
HumpAd00,TEN,26,WR,12,3,1,1,0,0,1,1.0,0.1,1,2019
JanoAn00,DEN,26,RB,7,3,1,1,1,1,1,1.0,0.1,0,2019
JeffAl00,PHI,29,WR,10,10,1,2,1,1,2,2.0,0.2,0,2019
JohnKe07,ARI,23,WR,10,4,1,3,0,0,3,3.0,0.3,1,2019
JohnOl00,MIN,22,WR,16,6,1,6,0,0,6,6.0,0.4,0,2019
JoneCo01,CAR,32,DB,16,0,1,5,0,1,5,5.0,0.3,0,2019
JoneZa00,2TM,24,WR,15,9,1,3,0,0,3,3.0,0.2,0,2019
KelcTr00,KAN,30,TE,16,16,1,4,1,1,4,4.0,0.3,1,2019
KernBr20,TEN,33,P,16,0,1,0,0,0,0,0.0,0.0,0,2019
KnoxDa00,BUF,23,TE,15,11,1,9,0,1,9,9.0,0.6,0,2019
LandJa00,CLE,27,WR,16,16,1,10,0,1,10,10.0,0.6,0,2019
LazaAl00,GNB,24,WR,16,3,1,21,0,1,21,21.0,1.3,0,2019
LeexMa00,JAX,28,WR,6,1,1,1,0,0,1,1.0,0.2,0,2019
McDoVa00,PIT,29,TE,14,14,1,2,0,0,2,2.0,0.1,1,2019
McSoTr00,BAL,24,QB,1,0,1,1,0,1,1,1.0,1.0,0,2019
MillAn02,CHI,25,WR,16,7,1,-1,0,0,-1,-1.0,-0.1,1,2019
MoorCh00,BAL,26,WR,14,1,1,0,0,0,0,0.0,0.0,0,2019
MorrAl00,ARI,31,RB,1,0,1,4,0,1,4,4.0,4.0,0,2019
NelsQu00,IND,23,LG,16,16,1,0,0,0,0,0.0,0.0,0,2019
RaymKa00,TEN,25,WR,8,1,1,-5,0,0,-5,-5.0,-0.6,1,2019
RichPa01,WAS,27,WR,10,6,1,0,0,0,0,0.0,0.0,0,2019
RobeAn00,BUF,31,WR,13,0,1,7,0,0,7,7.0,0.5,1,2019
RobiAl02,CHI,26,WR,16,15,1,2,0,0,2,2.0,0.1,0,2019
RoetBe00,PIT,37,QB,2,2,1,7,0,0,7,7.0,3.5,1,2019
RogeCh02,IND,25,WR,12,6,1,18,0,1,18,18.0,1.5,2,2019
ScotDa02,NYG,24,WR,5,2,1,5,0,0,5,5.0,1.0,0,2019
ScotNi01,LAR,24,DB,16,0,1,6,0,0,6,6.0,0.4,0,2019
TateGo00,NYG,31,WR,11,10,1,16,0,1,16,16.0,1.5,1,2019
ThomMi05,NOR,26,WR,16,15,1,-9,0,0,-9,-9.0,-0.6,1,2019
2019,,,,,,,,,,,,,,
VitaDa00,GNB,26,RB,15,4,1,3,0,0,3,3.0,0.2,0,2019
WardGr02,PHI,24,WR,7,3,1,5,0,0,5,5.0,0.7,0,2019
WescTr00,NYJ,24,TE,16,1,1,2,0,1,2,2.0,0.1,0,2019
WillMi07,LAC,25,WR,15,15,1,2,0,0,2,2.0,0.1,0,2019
WrigJa02,CAR,30,WR,16,9,1,-7,0,0,-7,-7.0,-0.4,0,2019
2019,,,,,,,,,,,,,,
